"序號","公司代號","公司名稱","董事會決議日期","買回目的","買回股份總金額上限(依最新財報計算之法定上限)","預定買回股數","買回價格區間-最低","買回價格區間-最高","預定買回期間-起","預定買回期間-迄","是否執行完畢","買回達一定標準資料","本次已買回股數(空白為尚在執行中)","本次執行完畢已註銷或轉讓股數","本次已買回股數佔預定買回股數比例(%)(空白為尚<br>在執行中)","本次已買回總金額(空白為尚在執行中)","本次平均每股買回價格(空白為尚在執行中)","本次買回股數佔公司已發行股份總數比例(%)(空白為尚在執行中)","本次未執行完畢之原因"
"1","2543","皇昌","2016/06/04","1",108768708,2000000,8.60,12.50,"2016/06/06","2016/08/05","Y","查詢",2000000,"",100.00,21027454,10.51,0.83,""
"2","2323","中環","2016/06/07","3",3198661740,30000000,2.70,5.00,"2016/06/13","2016/08/05","Y","查詢",27340000,27340000,91.13,104382004,3.82,1.41,"為維護整體股東權益及兼顧市場機制，視股價變化於價格區間內採分批買回策略，故未執行完畢"
"3","6120","達運","2016/06/07","3",3992748377,36000000,9.00,14.00,"2016/06/13","2016/08/05","Y","查詢",34961000,34961000,97.11,460100992,13.16,4.99,"本次買回執行率已達97.11%，整體執行率應屬尚可。"
"4","2020","美亞","2016/06/17","3",428582106,3000000,8.44,18.51,"2016/06/20","2016/08/19","Y","查詢",3000000,3000000,100.00,37164572,12.39,1.24,""
"5","2514","龍邦","2016/06/27","3",1187085000,5000000,16.00,25.00,"2016/06/28","2016/08/26","Y","查詢",5000000,5000000,100.00,83611972,16.72,0.90,""
"6","3296","勝德","2016/06/27","3",608624591,5000000,8.19,17.00,"2016/06/28","2016/08/26","Y","查詢",5000000,5000000,100.00,68345029,13.67,4.62,""
"7","2030","彰源","2016/06/29","1",367953100,3000000,9.00,13.00,"2016/06/29","2016/08/26","Y","查詢",1669000,1669000,55.63,16736948,10.03,0.58,"為顧及股東權益及未來員工認股意願，買回股份期間股價呈穩定趨勢，採取低接不追高原則，因而未依原預定數量完全執行完畢。"
"8","6128","上福","2016/07/05","3",717207781,3500000,29.00,59.00,"2016/07/06","2016/09/04","Y","查詢",3500000,3500000,100.00,154720187,44.21,3.84,""
"9","3041","揚智","2016/07/08","1",2348247984,3100000,13.00,25.80,"2016/07/11","2016/09/10","Y","查詢",3100000,2155089,100.00,53278207,17.19,1.02,""
"10","5907","大洋-KY","2016/07/28","1",8079289731,7357000,20.00,35.00,"2016/07/29","2016/09/27","Y","查詢",4539000,4539000,61.70,112242757,24.73,2.28,"為維護整體股東權益，本公司視股價變化採分批買回策略，故未能執行完畢。"
"11","1605","華新","2016/07/29","3",24844763000,120000000,7.40,11.00,"2016/07/30","2016/09/28","Y","查詢",120000000,120000000,100.00,1236612725,10.31,3.41,""
"12","2841","台開","2016/07/29","1",1008439821,10000000,10.00,14.00,"2016/08/01","2016/09/30","Y","查詢",6700000,6700000,67.00,70996411,10.60,0.92,"因股價尚屬穩定,為兼顧市場及有效運用資金,故未予以執行完畢"
"13","3661","世芯-KY","2016/07/29","3",1920592747,1000000,19.01,41.21,"2016/08/01","2016/09/28","Y","查詢",865000,865000,86.50,21692815,25.08,1.40,"為兼顧市場機制不影響股價，本公司視股價變化及成交量狀況採分批買回策略，故未執行完畢。"
"14","4532","瑞智","2016/08/02","1",1823600950,5000000,20.00,35.00,"2016/08/02","2016/10/01","Y","查詢",456000,456000,9.12,13976020,30.65,0.10,"為兼顧協調市場機制，有效資金運用，故未全數買回"
"15","2101","南港","2016/08/04","3",695918115,15000000,27.00,33.50,"2016/08/05","2016/10/04","Y","查詢",15000000,"",100.00,459264288,30.62,1.80,""
"16","8261","富鼎","2016/08/04","3",364162943,1000000,18.00,30.00,"2016/08/05","2016/10/04","Y","查詢",309000,309000,30.90,8032191,25.99,0.38,"考量買回期間股價尚稱合理,且為維護本公司股東權益,故未全數執行完畢"
"17","1626","艾美特-KY","2016/08/05","3",1218783631,1000000,18.35,38.75,"2016/08/08","2016/10/07","Y","查詢",41000,41000,4.10,1087741,26.53,0.03,"為兼顧市場機制不影響股價，本公司視股價變化及成交量狀況採行分批買回策略，故未執行完畢。"
"18","8213","志超","2016/08/09","1",7046134265,10000000,22.00,45.00,"2016/08/09","2016/10/08","Y","查詢",10000000,10000000,100.00,313620831,31.36,3.69,""
"19","2367","燿華","2016/08/10","3",2474991485,10000000,6.94,15.10,"2016/08/11","2016/10/10","Y","查詢",10000000,10000000,100.00,99913781,9.99,1.80,""
"20","2365","昆盈","2016/08/11","3",1287641382,5000000,8.00,13.50,"2016/08/12","2016/10/10","Y","查詢",5000000,5000000,100.00,46549504,9.31,1.74,""
"21","3305","昇貿","2016/08/11","1",2673235000,3000000,23.00,36.00,"2016/08/12","2016/10/11","Y","查詢",1285000,1285000,42.83,39155064,30.47,1.06,"本次未執行完畢之原因：為考量資金有效運用並維護股東權益，本公司視股價變化採分批買回，故本次庫藏股未能執行完畢。"
"22","2020","美亞","2016/08/12","3",500196059,3000000,8.58,18.72,"2016/08/15","2016/10/14","Y","查詢",1000000,1000000,33.33,13251788,13.25,0.41,"因買回股份執行期間，股價已漸趨穩定，為尊重並回歸市場機制，故未全數執行完畢。"
"23","2514","龍邦","2016/08/12","3",1187085000,30000000,14.00,24.00,"2016/08/15","2016/10/14","Y","查詢",11510000,11510000,38.37,194669726,16.91,2.10,"為兼顧市場機制不影響股價，本公司視股價變化及成交量狀況採行分批買回策略，故未執行完畢。"
"24","2101","南港","2016/08/22","3",695918115,1400000,28.50,32.00,"2016/08/23","2016/10/22","Y","查詢",1400000,"",100.00,42085417,30.06,0.17,""
"25","6464","台數科","2016/08/26","3",4384797476,600000,120.00,160.00,"2016/08/29","2016/10/28","Y","查詢",600000,600000,100.00,76641649,127.74,0.48,""
"26","2030","彰源","2016/08/29","1",372900347,3000000,9.00,13.00,"2016/08/29","2016/10/28","Y","查詢",1862000,1862000,62.07,17833122,9.58,0.65,"為顧及股東權益及未來員工認股意願，買回股份期間股價呈穩定趨勢，採取低接不追高原則，因而未依原預定數量完全執行完畢。"
"27","6191","精成科","2016/09/05","1",5093641000,5000000,9.00,11.00,"2016/09/06","2016/11/04","Y","查詢",5000000,5000000,100.00,51648461,10.33,0.94,""
"28","8213","志超","2016/09/12","1",7046134265,15000000,22.00,46.00,"2016/09/12","2016/11/11","Y","查詢",15000000,15000000,100.00,496695132,33.11,5.53,""
"29","4916","事欣科","2016/09/22","1",342999190,1600000,36.00,50.00,"2016/09/23","2016/10/31","Y","查詢",619000,619000,38.69,24869169,40.18,0.91,"為兼顧市場機制並維護股東權益，本公司視股價變化採分批買回，故本次庫藏股未能執行完畢。"
"30","1604","聲寶","2016/10/06","3",985934926,6000000,16.00,20.00,"2016/10/07","2016/12/06","Y","查詢",6000000,6000000,100.00,114869165,19.14,1.19,""
"31","3055","蔚華科","2016/10/13","3",1563857000,10000000,17.00,25.00,"2016/10/14","2016/12/13","Y","查詢",2833000,2833000,28.33,50395808,17.79,2.66,"視資本市場整體行情及環境，並兼顧市場交易機制及維護整體股東權益，故未能執行完畢"
"32","2008","高興昌","2016/10/19","3",712940450,24790000,7.50,13.00,"2016/10/20","2016/12/19","Y","查詢",24790000,24790000,100.00,249778401,10.08,10.00,""
"33","3038","全台","2016/10/19","3",184437400,2500000,7.00,13.00,"2016/10/19","2016/12/16","Y","查詢",2500000,2500000,100.00,25293018,10.12,1.24,""
"34","2367","燿華","2016/10/20","3",2474991485,10000000,6.84,15.10,"2016/10/21","2016/12/20","Y","查詢",5947000,5947000,59.47,55162287,9.28,1.07,"為兼顧市場機制不影響股價，並維護股東權益，公司視股價變化及成交量狀況採行分批買回策略，故本次買回庫藏股未能執行完畢。"
"35","5203","訊連","2016/10/26","3",3287976020,5000000,45.00,100.00,"2016/10/27","2016/12/26","Y","查詢",4579000,4579000,91.58,310259989,67.76,4.73,"本公司為兼顧市場機制及維護全體股東權益，視股價變化及成交量狀況採分批買回策略，因而未依原預定數量完全執行完畢。"
"36","3708","上緯投控","2016/10/28","1",3234141203,1500000,55.00,145.00,"2016/10/28","2016/12/27","Y","查詢",1362000,1362000,90.80,94317074,69.25,1.50,"為兼顧市場機制及維護全體股東權益，視股價變化及成交量狀況採分批買回策略，故未依原預定數量全部執行完畢。"
"37","1626","艾美特-KY","2016/11/04","3",1402684888,1000000,17.60,40.00,"2016/11/07","2017/01/06","Y","查詢",442000,442000,44.20,11224890,25.40,0.36,"為兼顧市場機制不影響股價，本公司視股價變化及成交量狀況採行分批買回策略，故未執行完畢。"
"38","2514","龍邦","2016/11/04","3",2120292000,30000000,12.00,25.00,"2016/11/07","2017/01/06","Y","查詢",30000000,30000000,100.00,515218762,17.17,5.59,""
"39","3356","奇偶","2016/11/04","3",1015987579,1500000,35.00,60.00,"2016/11/07","2017/01/06","Y","查詢",1500000,1500000,100.00,68388749,45.59,1.90,""
"40","9934","成霖","2016/11/04","3",3157217378,6000000,10.55,23.75,"2016/11/05","2017/01/04","Y","查詢",3535000,3535000,58.92,55193795,15.61,0.99,"考量買回期間股價漸趨穩定，故本次庫藏股未全數執行。"
"41","2385","群光","2016/11/07","1",13713741410,10000000,70.00,80.00,"2016/11/08","2017/01/07","Y","查詢",2786000,2786000,27.86,205887312,73.90,0.39,"因兼顧市場機制不影響股價，本公司視股價變化及成交量狀況採分批買回，故未能執行完畢。"
"42","6412","群電","2016/11/07","1",2960148222,10000000,42.00,52.00,"2016/11/08","2017/01/07","Y","查詢",2515000,2515000,25.15,124125568,49.35,0.67,"因兼顧市場機制不影響股價，本公司視股價變化及成交量狀況採分批買回，故未能執行完畢"
"43","2030","彰源","2016/11/08","1",372900347,3000000,9.00,13.00,"2016/11/08","2017/01/06","Y","查詢",1227000,1227000,40.90,12924624,10.53,0.43,"為顧及股東權益及未來員工認股意願，買回股份期間股價呈穩定趨勢，採取低接不追高原則，因而未依原預定數量完全執行完畢。"
"44","2365","昆盈","2016/11/08","3",1251378384,5000000,8.00,13.50,"2016/11/09","2017/01/07","Y","查詢",5000000,5000000,100.00,44682889,8.94,1.77,""
"45","8163","達方","2016/11/08","3",5512737397,17902000,15.00,27.80,"2016/11/08","2017/01/07","Y","查詢",17902000,17902000,100.00,365617867,20.42,6.01,""
"46","2020","美亞","2016/11/09","3",500196059,3000000,8.96,19.53,"2016/11/10","2017/01/09","Y","查詢",600000,600000,20.00,8214482,13.69,0.25,"因買回股份執行期間，股價已漸趨穩定，為尊重並回歸市場機制，故未全數執行完畢。"
"47","2101","南港","2016/11/09","3",948653000,8000000,27.00,32.00,"2016/11/10","2017/01/09","Y","查詢",3986000,"",49.83,118076770,29.62,0.48,"本公司視股價變化採分批買回策略,執行率49.83%."
"48","3038","全台","2016/11/09","3",223219742,3500000,7.00,13.00,"2016/11/09","2017/01/06","Y","查詢",3500000,3500000,100.00,34947677,9.99,1.74,""
"49","3054","立萬利","2016/11/09","1",72917470,1000000,14.67,31.86,"2016/11/10","2017/01/09","Y","查詢",895000,895000,89.50,19289021,21.55,0.83,"為維護股東權益並兼顧市場機制，視股價變化及成交量狀況，故未執行完畢。"
"50","2608","嘉里大榮","2016/11/10","3",2953551011,16925000,38.00,52.00,"2016/11/11","2017/01/10","Y","查詢",16582000,16582000,97.97,737410710,44.47,3.43,"考量庫藏股買回期間股價變化及實際成交量，本公司需顧及市場機制及維護股東權益，故未執行完畢。"
"51","2611","志信","2016/11/10","3",687566424,2000000,4.73,8.21,"2016/11/10","2017/01/09","Y","查詢",260000,260000,13.00,1772614,6.82,0.15,"考量買回期間股價已趨穩定，為兼顧市場機制及有效運用資金，故期間屆滿未執行完畢。"
"52","3031","佰鴻","2016/11/10","1",775443556,10000000,9.00,15.00,"2016/11/11","2017/01/10","Y","查詢",10000000,10000000,100.00,117437515,11.74,5.08,""
"53","3607","谷崧","2016/11/10","3",4607738319,5000000,30.00,45.00,"2016/11/11","2017/01/10","Y","查詢",3489000,3489000,69.78,112573000,32.27,2.79,"為維護股東權益並兼顧市場機制，本公司視股價變化及成交量狀況，採行分批買回策略，故未執行完畢。"
"54","6164","華興","2016/11/10","3",324737096,10000000,8.50,18.00,"2016/11/10","2017/01/09","Y","查詢",10000000,10000000,100.00,141139842,14.11,9.09,""
"55","2107","厚生","2016/11/11","3",6314658501,20000000,13.00,18.00,"2016/11/14","2017/01/13","Y","查詢",8600000,8600000,43.00,133338131,15.50,1.98,"本公司視交易市場成交量及股價變化暨考量資金之有效運用，為維護整體股東權益，故未執行完畢。"
"56","4916","事欣科","2016/11/11","1",432986496,1000000,32.00,45.00,"2016/11/14","2017/01/10","Y","查詢",100000,"",10.00,3356572,33.57,0.14,"為維護股東權益並兼顧市場機制，本公司視股價變化及成交量狀況，採行分批買回策略，故未執行完畢。"
"57","6005","群益證","2016/11/11","3",7356003535,100000000,7.50,11.90,"2016/11/14","2017/01/13","Y","查詢",100000000,100000000,100.00,926587260,9.27,4.41,""
"58","4306","炎洲","2016/11/21","1",2330718000,10000000,11.00,16.00,"2016/11/22","2017/01/21","Y","查詢",10000000,10000000,100.00,126154667,12.62,2.22,""
"59","4137","麗豐-KY","2016/11/29","1",2867350345,1500000,130.00,180.00,"2016/11/30","2017/01/29","Y","查詢",797000,"",53.13,116562738,146.25,1.00,"為兼顧市場機制不影響股價，本公司視股價變化及成交量狀況採行分批買回策略，故未執行完畢。"
"60","6456","GIS-KY","2016/12/06","1",8268455999,5000000,63.00,136.00,"2016/12/07","2017/02/06","Y","查詢",3000000,3000000,60.00,269929200,89.98,0.97,"本公司基於維護股東權益與兼顧市場機制，並考量後續資金運用，故未予以執行完畢。"
"61","1437","勤益控","2016/12/08","3",414463024,1200000,11.00,23.00,"2016/12/09","2017/02/07","Y","查詢",1200000,1200000,100.00,20316380,16.93,0.61,""
"62","2492","華新科","2016/12/13","1",7799383000,1000000,35.00,40.00,"2016/12/14","2017/02/13","Y","查詢",1000000,"",100.00,36382117,36.38,0.19,""
"63","2636","台驊投控","2016/12/13","3",1084924105,6000000,15.00,25.00,"2016/12/13","2017/01/12","Y","查詢",2364000,2364000,39.40,51610776,21.83,1.99,"維護股東權益"
"64","2636","台驊投控","2016/12/13","1",1084924105,2000000,15.00,25.00,"2017/01/13","2017/02/12","Y","查詢",1361000,"",68.05,28785357,21.15,1.14,"為顧及股東權益及兼顧員工意願"
"65","6191","精成科","2016/12/15","3",5282037000,8000000,10.00,15.00,"2016/12/16","2017/02/15","Y","查詢",8000000,8000000,100.00,103032096,12.88,1.51,""
"66","4532","瑞智","2016/12/19","1",2803799198,5000000,28.00,35.00,"2016/12/20","2017/02/19","Y","查詢",2544000,2544000,50.88,79381226,31.20,0.53,"為兼顧協調市場機制，有效資金運用，故未全數買回"
"67","2353","宏","2016/12/20","3",35447576845,100000000,10.00,19.00,"2016/12/21","2017/02/20","Y","查詢",0,"",0.00,0,0.00,0.00,"執行期間股價未有劇烈波動，因此並無執行庫藏股以維護公司信用及股東權益之必要，故未全數執行完畢。"
"68","6269","台郡","2016/12/20","1",12541138479,9000000,65.00,115.00,"2016/12/21","2017/02/20","Y","查詢",1627000,1627000,18.08,145039802,89.15,0.56,"本公司基於維護股東權益與兼顧市場機制、並考量資金效益，故本次庫藏股未能執行完畢。"
"69","2405","浩鑫","2016/12/21","3",219483000,10000000,6.50,12.00,"2016/12/22","2017/02/21","Y","查詢",10000000,6200000,100.00,87903630,8.79,2.89,""
"70","2514","龍邦","2016/12/22","3",2628978000,20000000,12.00,25.00,"2016/12/23","2017/02/22","Y","查詢",7560000,7560000,37.80,122149562,16.16,1.49,"為兼顧市場機制不影響股價，本公司視股價變化及成交量狀況採行分批買回策略，故未執行完畢。"
"71","2841","台開","2016/12/22","1",1151333588,10000000,9.00,12.00,"2017/01/06","2017/02/21","Y","查詢",4000000,4000000,40.00,41736145,10.43,0.53,"因股價尚屬穩定,為兼顧市場及有效運用資金,故未予以執行完畢"
"72","2327","國巨","2016/12/23","3",18769376943,30000000,40.00,87.80,"2016/12/26","2017/02/24","Y","查詢",18349000,18349000,61.16,1294349920,70.54,3.55,"為維護整體股東權益及考量資金有效運用，致本次未執行完畢。"
"73","1446","宏和","2016/12/27","3",410167156,2000000,14.00,20.00,"2017/01/03","2017/02/24","Y","查詢",0,"",0.00,0,0.00,0.00,"買回區間股價穩定，故將資金運用於提升營運效益，以維護股東權益"
"74","1707","葡萄王","2017/01/03","1",2813161190,3000000,118.00,349.50,"2017/01/04","2017/03/03","Y","查詢",508000,"",16.93,91061773,179.26,0.38,"基於資金有效運用及維護股東權益並兼顧市場機制，本公司視股價變化及成交量狀況，採行分批買回策略，故未執行完畢。"
"75","3038","全台","2017/01/05","3",223219742,5500000,7.00,13.00,"2017/01/05","2017/03/03","Y","查詢",5500000,5500000,100.00,59742546,10.86,2.82,""
"76","2101","南港","2017/01/10","1",948653000,4300000,28.50,32.00,"2017/01/11","2017/03/10","Y","查詢",4300000,"",100.00,132563334,30.83,0.52,""
"77","3060","銘異","2017/01/19","1",2683699743,3500000,28.00,40.00,"2017/01/23","2017/03/17","Y","查詢",2248000,"",64.23,81342624,36.18,1.29,"為維護股東權益並兼顧市場機制，本公司視股價變化及成交量狀況，採行分批買回策略，因而未依原預定數量全數買回。"
"78","3698","隆達","2017/01/19","3",6963900000,20000000,12.00,20.00,"2017/01/20","2017/03/17","Y","查詢",20000000,20000000,100.00,298029562,14.90,3.56,""
"79","2478","大毅","2017/01/20","1",2374127140,10000000,15.50,29.50,"2017/01/23","2017/03/22","Y","查詢",8142000,4006000,81.42,198693697,24.40,4.64,"為兼顧市場機制及考量資金有效運用，本公司視股價變化及成交量狀況採分批買回策略，另適逢農曆春節年假，致本次未執行完畢。"
"80","9919","康那香","2017/01/20","1",831672554,5000000,7.70,16.40,"2017/01/23","2017/03/22","Y","查詢",10000,10000,0.20,109090,10.91,0.01,"為維護股東權益及兼顧市場機制，視股價變化及成交量狀況採行分批買回策略，故未執行完畢。"
"81","3296","勝德","2017/01/23","3",666480181,5000000,9.60,20.10,"2017/01/24","2017/03/23","Y","查詢",5000000,5000000,100.00,89837190,17.97,4.84,""
"82","2107","厚生","2017/02/03","3",6401372314,10000000,13.00,18.00,"2017/02/06","2017/04/05","Y","查詢",2778000,2778000,27.78,48543543,17.47,0.65,"本公司庫藏股執行期間股價幾乎都維持在17元至18元上限間，並無大幅異動，基於考量財務資金有效運用及維護股東之權益，致本次未能按預定數量買回。"
"83","3055","蔚華科","2017/02/10","3",1573871000,10000000,16.00,26.00,"2017/02/13","2017/04/12","Y","查詢",5976000,5976000,59.76,98066487,16.41,5.77,"視資本市場整體行情及環境，並兼顧市場交易機制及維護整體股東權益，故未能執行完畢。"
"84","3038","全台","2017/02/20","3",223219742,6000000,8.50,12.00,"2017/02/20","2017/04/19","Y","查詢",6000000,6000000,100.00,68639479,11.44,3.17,""
"85","2841","台開","2017/02/21","1",1151333588,10000000,11.00,13.00,"2017/02/22","2017/04/20","Y","查詢",3236000,3236000,32.36,35654372,11.02,0.43,"因股價尚屬穩定,為兼顧市場及有效運用資金,故未予以執行完畢"
"86","1626","艾美特-KY","2017/03/03","1",1335882669,600000,18.35,39.00,"2017/03/06","2017/05/05","Y","查詢",316000,316000,52.67,9352271,29.60,0.26,"為兼顧市場機制不影響股價，本公司視股價變化及成交量狀況採行分批買回策略，故未執行完畢。"
"87","2327","國巨","2017/03/03","3",18769376943,30000000,52.20,109.30,"2017/03/06","2017/05/05","Y","查詢",3392000,3392000,11.31,323187384,95.28,0.67,"為維護整體股東權益及考量資金有效運用，致本次未執行完畢。"
"88","2514","龍邦","2017/03/08","3",2628978000,10000000,11.00,24.00,"2017/03/09","2017/05/05","Y","查詢",5481000,5481000,54.81,89411751,16.31,1.10,"為兼顧市場機制不影響股價，本公司視股價變化及成交量狀況採行分批買回策略，故未執行完畢。"
"89","9802","鈺齊-KY","2017/03/08","1",3594111057,500000,60.00,70.00,"2017/03/15","2017/04/14","Y","查詢",500000,500000,100.00,32823654,65.65,0.36,""
"90","3698","隆達","2017/03/09","3",6963900000,35000000,12.00,22.00,"2017/03/10","2017/05/09","Y","查詢",35000000,35000000,100.00,651323474,18.61,6.40,""
"91","3661","世芯-KY","2017/03/10","3",1653288810,2000000,28.88,57.54,"2017/03/13","2017/05/09","Y","查詢",0,"",0.00,0,0.00,0.00,"考量庫藏股買回期間股價變化及實際成交量，本公司需顧及市場機制及維護股東權益，故未執行完畢。"
"92","4737","華廣","2017/03/13","1",1638258079,2000000,55.00,75.00,"2017/03/14","2017/04/02","Y","查詢",2000000,"",100.00,138140940,69.07,3.15,""
"93","4737","華廣","2017/03/13","3",1638258079,4000000,55.00,75.00,"2017/04/03","2017/05/12","Y","查詢",2550000,2550000,63.75,183989049,72.15,4.02,"為兼顧市場機制，並維護股東權&#64023;，本公司視股價變化採分批買回及部分交易日之股價大於買回區間上限，故本次庫藏股未能執&#64008;完畢。"
"94","2365","昆盈","2017/03/15","3",1207480475,5000000,8.00,13.50,"2017/03/16","2017/05/14","Y","查詢",5000000,5000000,100.00,45493983,9.10,1.80,""
"95","3041","揚智","2017/03/17","1",2214586249,3100000,13.50,24.15,"2017/03/20","2017/05/19","Y","查詢",3100000,1127459,100.00,46949741,15.15,1.02,""
"96","6414","樺漢","2017/03/27","1",4384554877,1500000,388.00,500.00,"2017/03/27","2017/05/26","Y","查詢",1000000,345000,66.67,356652934,356.65,1.31,"為有效運用資金，故未予以執行完畢"
"97","2206","三陽工業","2017/03/28","3",3207420245,40000000,15.00,32.00,"2017/03/29","2017/05/26","Y","查詢",11449000,11449000,28.62,244540531,21.36,1.30,"本次未執行完畢之原因：為維護股東權益及兼顧市場機制，視股價變化及成交量狀況採行分批買回策略，故未執行完畢。"
"98","3321","同泰","2017/03/28","1",367205487,2000000,11.00,22.00,"2017/03/29","2017/05/28","Y","查詢",93000,93000,4.65,1334567,14.35,0.10,"為維護股東權益，並考量後續資金運用之效益，故未予以執行完畢。"
"99","5203","訊連","2017/04/07","3",3265354465,8000000,50.00,90.00,"2017/04/10","2017/06/09","Y","查詢",5486000,5486000,68.58,383494219,69.90,5.94,"本公司為兼顧市場機制及維護全體股東權益，視股價變化及成交量狀況採分批買回策略，因而未依原預定數量完全執行完畢。"
"100","2841","台開","2017/04/20","1",1015451032,10000000,11.00,13.00,"2017/04/21","2017/06/19","Y","查詢",7019000,7019000,70.19,78580943,11.20,0.92,"為兼顧市場機制不影響股價，本公司視股價變化及成交量狀況採行分批買回策略，故未執行完畢。"
"101","2365","昆盈","2017/05/10","3",1008575785,5500000,8.00,13.50,"2017/05/11","2017/07/09","Y","查詢",5500000,5500000,100.00,49563963,9.01,1.99,""
"102","2504","國產","2017/05/10","3",597297000,50000000,7.50,10.50,"2017/05/11","2017/07/10","Y","查詢",43000000,43000000,86.00,409672472,9.53,3.01,"為兼顧市場機制並維護股東權益，本公司視股價變化採分批買回，故本次庫藏股未能執行完畢。"
"103","3518","柏騰","2017/05/11","1",1491793609,3000000,13.37,31.74,"2017/05/12","2017/07/11","Y","查詢",1610000,"",53.67,34650781,21.52,1.99,"為尊重市場機制及未來員工認股意願，顧及買回股份期間股價呈穩定趨勢，故未全數執行完畢。"
"104","3545","敦泰","2017/05/12","1",7850198982,8000000,21.98,56.79,"2017/05/15","2017/07/14","Y","查詢",6808000,6808000,85.10,245812665,36.11,2.29,"因執行期間股價維持穩定，並考量資金運用效益，故未執行完畢。"
"105","3583","辛耘","2017/05/12","1",1124845155,811000,50.00,66.00,"2017/05/15","2017/07/11","Y","查詢",811000,811000,100.00,45650289,56.29,1.00,""
"106","4737","華廣","2017/05/24","3",1740117670,1450000,55.00,78.00,"2017/05/25","2017/07/23","Y","查詢",1450000,1450000,100.00,101586921,70.06,2.29,""
"107","2206","三陽工業","2017/05/26","1",3221689573,30000000,16.00,32.00,"2017/05/27","2017/07/26","Y","查詢",18000000,"",60.00,389614121,21.65,2.05,"為維護股東權益及兼顧市場機制，視股價變化及成交量狀況採行分批買回策略，故未執行完畢。"
"108","3708","上緯投控","2017/05/31","1",1980931877,1500000,52.00,98.00,"2017/06/01","2017/07/31","Y","查詢",957000,"",63.80,69152088,72.26,1.05,"為兼顧市場機制及維護全體股東權益，視股價變化及成交量狀況採分批買回策略，故未依原預定數量全部執行完畢。"
"109","1733","五鼎","2017/06/02","1",514094232,1000000,24.00,55.00,"2017/06/05","2017/08/02","Y","查詢",36000,"",3.60,1180950,32.80,0.04,"為兼顧市場機制，依股價及成交量狀況分批買回，故本次庫藏股未能執行完畢。"
"110","2841","台開","2017/06/20","1",1049001352,8000000,11.00,13.00,"2017/06/21","2017/08/19","Y","查詢",4745000,4745000,59.31,50671888,10.68,0.62,"為兼顧市場機制不影響股價，本公司視股價變化及成交量狀況採行分批買回策略，故未執行完畢。"
"111","2020","美亞","2017/06/27","3",639121719,3000000,9.35,19.80,"2017/06/28","2017/08/27","Y","查詢",3000000,3000000,100.00,40588006,13.53,1.27,""
"112","2338","光罩","2017/07/13","1",712681931,20000000,12.00,20.00,"2017/07/17","2017/09/13","Y","查詢",20000000,20000000,100.00,357063002,17.85,7.91,""
"113","2206","三陽工業","2017/07/26","1",3221689573,12000000,15.00,32.00,"2017/07/27","2017/09/25","Y","查詢",9416000,"",78.47,194497422,20.66,1.08,"為維護股東權益及兼顧市場機制，視股價變化及成交量狀況採行分批買回策略，故未執行完畢。"
"114","6191","精成科","2017/07/28","3",5293390239,8000000,10.00,13.00,"2017/07/31","2017/09/29","Y","查詢",8000000,8000000,100.00,94224222,11.78,1.53,""
"115","1437","勤益控","2017/08/04","3",481774490,1000000,15.00,25.00,"2017/08/07","2017/10/06","Y","查詢",1000000,1000000,100.00,17544387,17.54,0.51,""
"116","2316","楠梓電","2017/08/04","3",3693583484,20000000,13.16,26.61,"2017/08/07","2017/10/06","Y","查詢",14922000,14922000,74.61,312296432,20.93,6.25,"為兼顧市場機制不影響股價，本公司視股價變化及成交量狀況採行分批買回策略，故未執行完畢。"
"117","6464","台數科","2017/08/04","3",4463196457,800000,116.00,160.00,"2017/08/07","2017/10/06","Y","查詢",800000,800000,100.00,96027919,120.03,0.62,""
"118","2461","光群雷","2017/08/09","3",942701414,5000000,10.68,22.83,"2017/08/10","2017/10/09","Y","查詢",5000000,5000000,100.00,78020508,15.60,3.73,""
"119","1604","聲寶","2017/08/10","1",580667446,20000000,14.00,16.00,"2017/08/11","2017/10/06","Y","查詢",11000000,4200000,55.00,162641182,14.79,2.20,"為維護整體股東權益及兼顧市場機制，視股價變化於價格區間內採分批買回策略，故未執行完畢。"
"120","2323","中環","2017/08/11","3",1447929000,50000000,3.00,5.00,"2017/08/15","2017/10/13","Y","查詢",47224000,47224000,94.45,200979336,4.26,2.51,"為維護整體股東權益及兼顧市場機制，視股價變化於價格區間內採分批買回策略，故未執行完畢"
"121","2236","百達-KY","2017/08/17","1",784316524,800000,50.00,65.00,"2017/08/18","2017/10/17","Y","查詢",636000,"",79.50,36097357,56.76,1.66,"本公司視股價變化於價格區間內採取分批買回策略，執行率為79.50%，基於兼顧市場機制及維護股東權益，並考量資金效益，故本次庫藏股未能執行完畢。"
"122","2496","卓越","2017/08/17","1",553439584,500000,140.00,310.00,"2017/08/18","2017/10/17","Y","查詢",0,"",0.00,0,0.00,0.00,"為尊重市場機制及未來員工認股意願，將資金運用於提升營運效益，故未執行完畢。"
"123","2841","台開","2017/08/22","1",1335002946,6000000,10.00,12.00,"2017/08/23","2017/10/21","Y","查詢",3465000,3465000,57.75,35964274,10.38,0.46,"為兼顧市場機制不影響股價，本公司視股價變化及成交量狀況採行分批買回策略，故未執行完畢。"
"124","2365","昆盈","2017/08/31","3",998013327,10000000,9.00,13.50,"2017/09/01","2017/10/30","Y","查詢",10000000,10000000,100.00,101325600,10.13,3.87,""
"125","4414","如興","2017/09/22","1",5492252152,40000000,15.00,27.00,"2017/08/31","2017/10/29","Y","查詢",33687000,"",84.22,686170831,20.37,3.95,"基於資金有效運用及維護股東權益並兼顧市場機制，本公司視股價變化及成交量狀況，採行分批買回策略，故未執行完畢。"
"126","6206","飛捷","2017/09/26","3",2704468923,5000000,80.00,105.00,"2017/09/27","2017/11/26","Y","查詢",3306000,3306000,66.12,285952585,86.50,2.26,"執行期間股價回穩已達維護公司信用及股東權益之目的,故未執行完畢"
"127","6464","台數科","2017/09/26","3",4560723249,800000,116.00,160.00,"2017/09/27","2017/11/24","Y","查詢",800000,800000,100.00,94499410,118.12,0.62,""
"128","3018","同開","2017/10/16","1",152915595,1000000,43.00,86.00,"2017/10/17","2017/12/16","Y","查詢",1000000,"",100.00,70458742,70.46,1.53,""
"129","2885","元大金","2017/10/25","3",69871873713,68965000,12.00,14.50,"2017/10/26","2017/12/25","Y","查詢",68965000,68965000,100.00,939347306,13.62,0.58,""
"130","2841","台開","2017/10/30","1",1335002946,6000000,10.00,12.00,"2017/10/31","2017/12/29","Y","查詢",6000000,6000000,100.00,60192026,10.03,0.79,""
"131","6269","台郡","2017/11/01","3",13248793855,5000000,90.00,160.00,"2017/11/02","2017/12/20","Y","查詢",5000000,2513562,100.00,584750001,116.95,1.57,""
"132","2008","高興昌","2017/11/10","3",672110777,22300000,7.50,14.50,"2017/11/13","2018/01/12","Y","查詢",22300000,22300000,100.00,261175611,11.71,9.99,""
"133","4306","炎洲","2017/11/13","1",2200042000,10000000,13.80,20.00,"2017/11/14","2018/01/12","Y","查詢",9380000,"",93.80,139272500,14.85,1.75,"為維護股東權益並兼顧市場機制，視股價變化及成交量狀況，採行分批買回策略，故未執行完畢。"
"134","6464","台數科","2017/11/27","3",4734076020,1200000,116.00,160.00,"2017/11/28","2018/01/26","Y","查詢",1200000,1200000,100.00,144390743,120.33,0.95,""
"135","5203","訊連","2017/12/12","3",2853590240,3000000,50.00,75.00,"2017/12/13","2018/02/12","Y","查詢",2999000,2999000,99.97,197937043,66.00,3.44,"本公司為兼顧市場機制及維護全體股東權益，視股價變化及成交量狀況採分批買回策略，因而未依原預定數量完全執行完畢。"
"136","1626","艾美特-KY","2017/12/15","1",1216996789,500000,16.75,38.00,"2018/01/03","2018/02/12","Y","查詢",500000,500000,100.00,12474120,24.95,0.41,""
"137","1598","岱宇","2017/12/21","1",950382893,4000000,30.00,50.00,"2017/12/22","2018/02/21","Y","查詢",4000000,"",100.00,172339773,43.08,4.30,""
"138","2107","厚生","2017/12/22","3",6515338989,10000000,14.00,18.00,"2017/12/25","2018/02/23","Y","查詢",10000000,10000000,100.00,159535956,15.95,2.63,""
"139","2020","美亞","2017/12/26","3",769100324,3000000,9.45,20.31,"2017/12/27","2018/02/26","Y","查詢",3000000,3000000,100.00,42510140,14.17,1.28,""
"140","2841","台開","2017/12/27","1",1249867419,8000000,9.00,11.00,"2017/12/28","2018/02/26","Y","查詢",8000000,8000000,100.00,80173113,10.02,1.05,""
"141","1589","永冠-KY","2018/01/09","3",8366148206,7200000,45.85,99.44,"2018/01/10","2018/03/09","Y","查詢",7200000,7200000,100.00,549584268,76.33,6.06,""
"142","3054","立萬利","2018/01/11","1",281373482,6000000,14.56,28.83,"2018/01/12","2018/03/11","Y","查詢",5969000,"",99.48,129408804,21.68,4.93,"為維護股東權益並兼顧市場機制，視股價變化及成交量狀況，故未執行完畢。"
"143","2425","承啟","2018/01/16","3",586553410,10924000,10.50,22.75,"2018/01/17","2018/03/16","Y","查詢",7750000,7750000,70.94,150272544,19.39,7.09,"因股價超過申報買回區間價格，故未能執行完畢。"
"144","2236","百達-KY","2018/01/17","3",767003880,500000,45.00,65.00,"2018/01/18","2018/03/17","Y","查詢",500000,500000,100.00,26907541,53.82,1.31,""
"145","6456","GIS-KY","2018/01/29","1",19183717246,3000000,153.00,301.00,"2018/01/30","2018/03/29","Y","查詢",1500000,"",50.00,267624425,178.42,0.44,"本公司基於維護股東權益與兼顧市場機制，並考量後續資金運用，故未予以執行完畢。"
"146","1101","台泥","2018/02/02","1",47291021000,6000000,26.53,56.63,"2018/02/05","2018/04/03","Y","查詢",6000000,6000000,100.00,218165694,36.36,0.14,""
"147","3708","上緯投控","2018/02/05","1",2089081056,1000000,64.00,126.00,"2018/02/06","2018/04/03","Y","查詢",544000,"",54.40,44794354,82.34,0.60,"為兼顧市場機制及維護全體股東權益，視股價變化及成交量狀況採分批買回策略，故未依原預定數量全部執行完畢。"
"148","2206","三陽工業","2018/02/07","3",3746234859,15000000,15.00,31.00,"2018/02/08","2018/04/03","Y","查詢",15000000,15000000,100.00,318895709,21.26,1.73,""
"149","2362","藍天","2018/02/08","1",3959905691,20000000,25.00,32.00,"2018/02/09","2018/04/08","Y","查詢",10000000,"",50.00,294157220,29.42,1.46,"執行期間因實際交易日只有31天，平均每日成交量低於預期，本公司買回均量約達市場交易量5成，並且交易期間股價穩定，故本次並未執行完畢。"
"150","8112","至上","2018/02/13","1",3296915946,10000000,20.00,30.00,"2018/02/21","2018/04/12","Y","查詢",3046000,3046000,30.46,85778876,28.16,0.82,"買回期間股價逐漸穩定"
"151","2841","台開","2018/02/21","1",1249867419,10000000,9.00,12.00,"2018/02/22","2018/04/20","Y","查詢",6850000,6850000,68.50,66721464,9.74,0.90,"為兼顧市場機制不影響股價，本公司視股價變化及成交量狀況採行分批買回策略，故未執行完畢。"
"152","1316","上曜","2018/02/23","1",344281725,5000000,20.00,28.00,"2018/02/26","2018/04/22","Y","查詢",4832000,5000000,96.64,105178750,21.77,3.78,"為維護股東權益與兼顧市場機制，故本次買回未予執行完畢。"
"153","3038","全台","2018/03/02","3",195684621,4000000,7.00,11.00,"2018/03/02","2018/04/30","Y","查詢",4000000,4000000,100.00,39878555,9.97,2.18,""
"154","2365","昆盈","2018/03/05","3",1042941048,6000000,9.00,13.00,"2018/03/06","2018/05/04","Y","查詢",6000000,6000000,100.00,62027511,10.34,2.46,""
"155","2303","聯電","2018/03/07","3",86369479858,200000000,9.85,21.30,"2018/03/08","2018/05/07","Y","查詢",200000000,200000000,100.00,3129182054,15.65,1.58,""
"156","2233","宇隆","2018/03/16","1",1830635024,2500000,90.00,140.00,"2018/03/19","2018/05/18","Y","查詢",91000,"",3.64,9915059,108.96,0.18,"基於資金有效運用及維護股東權益並兼顧市場機制，本公司視股價變化及成交量狀況，採行分批買回策略，故未執行完畢。"
"157","2312","金寶","2018/03/20","1",1734588012,40000000,7.30,15.50,"2018/03/21","2018/05/18","Y","查詢",40000000,"",100.00,412596743,10.31,2.75,""
"158","2911","麗嬰房","2018/03/22","3",1169837483,6000000,10.00,17.20,"2018/03/22","2018/05/22","Y","查詢",6000000,6000000,100.00,80523249,13.42,2.94,""
"159","6197","佳必琪","2018/03/22","1",1823480914,2000000,25.00,35.00,"2018/03/23","2018/05/22","Y","查詢",2000000,2000000,100.00,56890757,28.45,1.54,""
"160","2936","客思達-KY","2018/03/23","1",2224212432,500000,21.00,38.00,"2018/03/26","2018/05/25","Y","查詢",500000,"",100.00,12860943,25.72,0.65,""
"161","1473","台南","2018/03/27","1",2192679049,1000000,23.00,30.00,"2018/03/28","2018/05/27","Y","查詢",1000000,"",100.00,22663182,22.66,0.68,""
"162","2362","藍天","2018/04/03","1",2614296038,10000000,21.00,44.00,"2018/04/09","2018/06/08","Y","查詢",10000000,"",100.00,313762472,31.38,1.46,""
"163","2444","兆勁","2018/04/22","1",120521444,4000000,27.00,30.00,"2018/04/23","2018/06/22","Y","查詢",3988000,"",99.70,113252406,28.40,3.78,"截至107.05.17 買回 3,988張,因兼顧市場機制不影響股價,本公司視股價變化及成交量狀況採分批買回,故未能執行完畢."
"164","2841","台開","2018/04/25","1",1496667583,8000000,9.00,12.00,"2018/04/26","2018/06/25","Y","查詢",8000000,8000000,100.00,74296489,9.29,1.05,""
"165","2885","元大金","2018/04/25","3",72083955474,134000000,12.00,17.00,"2018/04/26","2018/06/25","Y","查詢",134000000,134000000,100.00,1919001240,14.32,1.13,""
"166","8478","東哥遊艇","2018/04/27","3",1714596723,3000000,39.00,86.00,"2018/04/28","2018/06/26","Y","查詢",1992000,1992000,66.40,125376026,62.94,2.11,"為維護股東權益與兼顧市場機制，故本次買回未予執行完畢。"
"167","3679","新至陞","2018/05/02","3",3317799682,3400000,67.00,100.00,"2018/05/03","2018/07/02","Y","查詢",1433000,1433000,42.15,112015548,78.17,1.81,"因兼顧市場機制不影響股價，本公司視股價變化及成交量狀況採分批買回，故未予以執行完畢"
"168","4977","眾達-KY","2018/05/03","3",902183618,1500000,65.00,120.00,"2018/05/04","2018/07/03","Y","查詢",824000,824000,54.93,69493038,84.34,1.35,"基於資金有效運用及維護股東權益並兼顧市場機制，本公司視股價變化及成交量狀況，採行分批買回策略，故未執行完畢。"
"169","6131","鈞泰","2018/05/04","1",158389863,7500000,13.00,20.00,"2018/05/07","2018/07/06","Y","查詢",7500000,"",100.00,119232152,15.90,7.36,""
"170","8213","志超","2018/05/07","1",7340343655,2100000,20.10,43.55,"2018/05/08","2018/07/07","Y","查詢",2100000,2100000,100.00,62919781,29.96,0.77,""
"171","2363","矽統","2018/05/10","1",5303432023,6000000,6.17,13.59,"2018/05/11","2018/07/10","Y","查詢",6000000,6000000,100.00,67224700,11.20,1.07,""
"172","4414","如興","2018/05/11","1",5365712512,30000000,12.00,22.00,"2018/05/11","2018/07/09","Y","查詢",29701000,"",99.00,443958446,14.95,3.29,"基於資金有效運用及維護股東權益並兼顧市場機制，本公司視股價變化及成交量狀況，採行分批買回策略，故未執行完畢。"
"173","8499","鼎炫-KY","2018/05/11","3",898406210,1500000,65.00,90.00,"2018/05/14","2018/07/13","Y","查詢",464000,464000,30.93,39598197,85.34,0.90,"因兼顧市場機制不影響股價，本公司視股價變化及成交量狀況採分批買回，故未予以執行完畢。"
"174","2841","台開","2018/05/30","1",1091377530,10000000,9.00,12.00,"2018/05/31","2018/07/30","Y","查詢",10000000,10000000,100.00,92103038,9.21,1.31,""
"175","6269","台郡","2018/06/11","1",14367166517,5000000,70.00,120.00,"2018/06/12","2018/07/11","Y","查詢",2506000,2506000,50.12,233992478,93.37,0.79,"本公司基於維護股東權益與兼顧市場機制、並考量資金效益，故本次庫藏股未能執行完畢。"
"176","2939","凱羿-KY","2018/07/10","3",1080723163,2000000,100.00,200.00,"2018/07/11","2018/09/10","Y","查詢",2000000,2000000,100.00,283485643,141.74,4.00,""
"177","2461","光群雷","2018/07/13","3",1146845497,6000000,9.73,22.51,"2018/07/16","2018/09/15","Y","查詢",6000000,6000000,100.00,88356492,14.73,3.63,""
"178","2327","國巨","2018/07/17","1",25070451424,4500000,632.80,1616.80,"2018/07/19","2018/09/17","Y","查詢",2965000,"",65.89,2421551797,816.71,0.85,"為顧及本公司長期資金之規劃及有效運用，故未予以全部執行完畢。"
"179","4414","如興","2018/07/20","1",5499989360,20000000,11.00,22.00,"2018/07/23","2018/09/20","Y","查詢",20000000,"",100.00,281017158,14.05,2.21,""
"180","3545","敦泰","2018/07/26","1",7689512172,8000000,17.68,39.65,"2018/07/27","2018/09/26","Y","查詢",8000000,7848000,100.00,192810452,24.10,2.68,""
"181","5469","瀚宇博","2018/07/30","1",7011052056,1000000,21.00,37.00,"2018/07/31","2018/09/28","Y","查詢",1000000,1000000,100.00,29076743,29.08,0.22,""
"182","1447","力鵬","2018/07/31","1",627919204,8000000,5.65,12.00,"2018/08/01","2018/09/30","Y","查詢",8000000,"",100.00,74716165,9.34,0.87,""
"183","3038","全台","2018/08/03","3",209107909,5000000,7.00,11.00,"2018/08/03","2018/10/02","Y","查詢",5000000,5000000,100.00,49358951,9.87,2.79,""
"184","6591","動力-KY","2018/08/08","1",659948162,400000,55.00,110.00,"2018/08/10","2018/10/08","Y","查詢",230000,"",57.50,15286879,66.46,0.97,"為兼顧市場機制,依股價及成交量狀況分批買回,故本次庫藏股未能執行完畢。"
"185","2610","華航","2018/08/09","3",935250429,50000000,9.00,14.00,"2018/08/10","2018/10/09","Y","查詢",50000000,50000000,100.00,469526285,9.39,0.91,""
"186","3058","立德","2018/08/09","1",739173956,5000000,5.85,12.67,"2018/08/10","2018/10/09","Y","查詢",3361000,"",67.22,27300795,8.12,1.97,"為兼顧協調市場機制，同時維護股東權益，故本次買回本公司股票未執行完畢。"
"187","1587","吉茂","2018/08/10","3",477534427,1700000,14.84,28.27,"2018/08/13","2018/10/12","Y","查詢",1200000,1200000,70.59,23279450,19.40,1.77,"基於維護股東權益並兼顧市場機制，公司視股價變化、成交量狀況及考量資金的有效運用分批買回，故未全數執行完畢。"
"188","2020","美亞","2018/08/10","3",795651144,3000000,9.73,21.86,"2018/08/13","2018/10/12","Y","查詢",3000000,3000000,100.00,43862157,14.62,1.30,""
"189","8497","格威傳媒","2018/08/10","1",603005004,1000000,32.00,65.00,"2018/08/13","2018/10/12","Y","查詢",999000,"",99.90,45081582,45.13,2.73,"本公司依股價及成交量狀況分批買回，故極少量未執行完畢"
"190","4164","承業醫","2018/08/13","1",3753016003,1000000,30.00,48.00,"2018/08/14","2018/10/13","Y","查詢",1000000,"",100.00,34955961,34.96,0.71,""
"191","6464","台數科","2018/08/13","3",4147011727,300000,116.00,160.00,"2018/08/14","2018/10/12","Y","查詢",300000,300000,100.00,35481213,118.27,0.24,""
"192","2496","卓越","2018/08/16","1",557412000,200000,85.00,160.00,"2018/08/17","2018/10/16","Y","查詢",199000,"",99.50,21956346,110.33,1.14,"基於資金有效運用及維護股東權益並兼顧市場機制，本公司視股價變化及成交量狀況，採行分批買回策略，故未執行完畢。"
"193","3018","同開","2018/08/21","1",260775029,1000000,29.00,74.00,"2018/08/22","2018/10/19","Y","查詢",0,"",0.00,0,0.00,0.00,"買回期間股價逐漸穩定，為維護股東權益並兼顧市場機制，將資金運用於營運需要，故未執行完畢。"
"194","3545","敦泰","2018/08/23","1",7781439865,8000000,17.22,37.26,"2018/08/24","2018/10/23","Y","查詢",7689000,6110000,96.11,192095557,24.98,2.58,"因執行期間股價回穩，為綜合考量股東權益，故未完全執行完畢。"
"195","2107","厚生","2018/09/07","3",6471481602,10000000,14.00,18.00,"2018/09/10","2018/11/09","Y","查詢",10000000,10000000,100.00,146402765,14.64,2.70,""
"196","3661","世芯-KY","2018/09/11","3",2200284185,2000000,64.26,167.94,"2018/09/12","2018/11/10","Y","查詢",1925000,1925000,96.25,157947222,82.05,3.12,"為兼顧市場機制不影響股價，本公司視股價變化及成交量狀況採分批買回策略，故未執行完畢。"
"197","5388","中磊","2018/09/11","1",4205236382,10000000,34.30,86.30,"2018/09/12","2018/11/09","Y","查詢",10000000,10000000,100.00,496186692,49.62,4.07,""
"198","2385","群光","2018/09/13","1",15486339459,10000000,55.00,70.00,"2018/09/14","2018/11/13","Y","查詢",3591000,3591000,35.91,211419429,58.87,0.49,"因兼顧市場機制不影響股價，本公司視股價變化及成交量狀況採分批買回，故未能執行完畢。"
"199","6412","群電","2018/09/13","1",3823956660,10000000,40.00,50.00,"2018/09/14","2018/11/13","Y","查詢",1864000,948000,18.64,75678728,40.60,0.48,"因兼顧市場機制不影響股價，本公司視股價變化及成交量狀況採分批買回，故未能執行完畢。"
"200","2727","王品","2018/09/17","1",2670294000,3850000,56.00,115.00,"2018/09/19","2018/11/17","Y","查詢",3723000,"",96.70,299730552,80.51,4.84,"為維護股東權益並兼顧市場機制，視股價變化及成交量狀況，故未執行完畢。"
"201","2455","全新","2018/09/18","1",849942530,5000000,68.00,128.00,"2018/09/19","2018/11/18","Y","查詢",3864000,3864000,77.28,241470692,62.49,2.09,"為維護整體股東權益，兼顧市場機制並考量資金有效運用，故本次未執行完畢"
"202","3583","辛耘","2018/09/18","1",1400634411,811000,57.00,76.00,"2018/09/19","2018/11/18","Y","查詢",811000,"",100.00,50659340,62.47,1.00,""
"203","2323","中環","2018/09/20","3",719102000,50000000,5.00,10.00,"2018/09/21","2018/11/19","Y","查詢",50000000,50000000,100.00,294892096,5.90,2.74,""
"204","4155","訊映","2018/09/20","1",410678792,1500000,20.00,35.00,"2018/09/21","2018/11/20","Y","查詢",1500000,"",100.00,39590911,26.39,1.97,""
"205","5522","遠雄","2018/09/27","3",31608869078,41773000,25.00,40.00,"2018/09/28","2018/11/27","Y","查詢",29174000,29174000,69.84,1017605409,34.88,3.49,"為維護整體股東權益，兼顧市場機制並考量資金有效運用，故本次未執行完畢"
"206","3037","欣興","2018/10/04","1",26484591392,50000000,14.00,29.00,"2018/10/05","2018/12/04","Y","查詢",49100000,"",98.20,803247140,16.36,3.26,"為兼顧協調市場機制，有效資金運用，故未全數買回。"
"207","6197","佳必琪","2018/10/04","3",1846563087,8000000,20.00,35.00,"2018/10/05","2018/12/04","Y","查詢",8000000,8000000,100.00,227315043,28.41,6.15,""
"208","6416","瑞祺電通","2018/10/05","1",1621193452,1200000,85.00,115.00,"2018/10/08","2018/12/07","Y","查詢",603000,393000,50.25,51269354,85.02,0.89,"本公司基於維護股東權益與兼顧市場機制，並考量後續資金運用，故未予以執行完畢。"
"209","6531","愛普","2018/10/08","1",1848903889,1500000,40.00,80.00,"2018/10/09","2018/12/08","Y","查詢",258000,"",17.20,11252517,43.61,0.34,"為兼顧市場機制不影響股價，本公司視股價變化及整體市場狀況，並考量本公司現金流量狀況，採行分批買回策略，故未執行完畢。"
"210","9934","成霖","2018/10/08","3",1957541455,12000000,11.03,24.47,"2018/10/09","2018/12/08","Y","查詢",12000000,12000000,100.00,186188289,15.52,3.26,""
"211","2459","敦吉","2018/10/26","3",3100916269,2000000,30.00,45.00,"2018/10/26","2018/12/25","Y","查詢",1400000,1400000,70.00,50109079,35.79,1.30,"因兼顧市場機制不影響股價,本公司視股價變化及成交量狀況採分批買回,故未能執行完畢"
"212","3055","蔚華科","2018/10/26","1",2042996000,8000000,20.00,39.00,"2018/10/29","2018/12/28","Y","查詢",8000000,"",100.00,214093595,26.76,7.73,""
"213","2020","美亞","2018/10/29","3",795651144,3000000,9.31,21.06,"2018/10/30","2018/12/29","Y","查詢",3000000,3000000,100.00,42732428,14.24,1.30,""
"214","4916","事欣科","2018/10/29","1",507923586,1500000,20.00,40.00,"2018/10/30","2018/12/29","Y","查詢",1125000,"",75.00,32678645,29.05,1.37,"本次未執行完畢之原因：為維護股東權益並兼顧市場機制，本公司視股價變化及成交量狀況，採行分批買回策略，故未執行完畢。"
"215","4977","眾達-KY","2018/10/30","1",938892262,800000,45.00,85.00,"2018/10/31","2018/12/30","Y","查詢",372000,372000,46.50,21288221,57.23,0.63,"為維護股東權益並兼顧市場機制，視股價及成交量狀況分批買回，故未執行完畢。"
"216","6464","台數科","2018/10/30","3",4304663137,300000,116.00,160.00,"2018/10/31","2018/12/28","Y","查詢",300000,300000,100.00,34965103,116.55,0.24,""
"217","2387","精元","2018/11/01","1",4823022879,3000000,12.50,20.00,"2018/11/01","2018/12/27","Y","查詢",3000000,1953099,100.00,50595199,16.87,1.52,""
"218","2492","華新科","2018/11/01","1",14100181000,1000000,140.00,200.00,"2018/11/02","2018/12/28","Y","查詢",1000000,1000000,100.00,157358217,157.36,0.21,""
"219","2809","京城銀","2018/11/02","3",25086950964,10000000,25.00,35.00,"2018/11/05","2019/01/03","Y","查詢",10000000,10000000,100.00,314864720,31.49,0.87,""
"220","1568","倉佑","2018/11/05","1",571128826,1000000,12.53,29.39,"2018/11/06","2019/01/05","Y","查詢",554000,"",55.40,10711878,19.34,0.54,"為兼顧市場機制不影響股價，本公司視股價變化及成交量狀況分批買回，故未執行完畢。"
"221","2303","聯電","2018/11/05","3",103319741769,300000000,7.55,20.80,"2018/11/06","2019/01/05","Y","查詢",300000000,300000000,100.00,3349946428,11.17,2.41,""
"222","2939","凱羿-KY","2018/11/05","3",1264877278,800000,100.00,165.00,"2018/11/06","2019/01/05","Y","查詢",800000,800000,100.00,96803997,121.00,1.67,""
"223","3032","偉訓","2018/11/05","1",1204953227,4000000,20.00,30.00,"2018/11/06","2019/01/05","Y","查詢",1066000,"",26.65,28220955,26.47,0.94,"為維護股東權益與兼顧市場機制，本公司視股價變化及成交量狀況分批買回，故未能執行完畢。"
"224","5243","乙盛-KY","2018/11/05","3",3965256936,5000000,22.00,38.00,"2018/11/06","2019/01/04","Y","查詢",5000000,5000000,100.00,152260379,30.45,2.88,""
"225","3591","艾笛森","2018/11/06","1",1947089866,3000000,12.00,19.00,"2018/11/07","2019/01/06","Y","查詢",3000000,"",100.00,42336922,14.11,2.40,""
"226","5203","訊連","2018/11/06","3",2864576596,2000000,50.00,80.00,"2018/11/07","2019/01/06","Y","查詢",1394000,1394000,69.70,95623165,68.60,1.64,"本公司為兼顧市場機制及維護全體股東權益，視股價變化及成交量狀況採分批買回策略，因而未依原預定數量完全執行完畢。"
"227","1445","大宇","2018/11/07","3",200021711,6000000,6.50,10.00,"2018/11/09","2019/01/07","Y","查詢",6000000,6000000,100.00,48293533,8.05,4.33,""
"228","1454","台富","2018/11/07","3",148991435,6000000,6.00,11.00,"2018/11/08","2019/01/06","Y","查詢",6000000,6000000,100.00,49793274,8.30,4.28,""
"229","2363","矽統","2018/11/07","1",5622968344,20000000,5.44,10.00,"2018/11/08","2019/01/07","Y","查詢",20000000,"",100.00,182840575,9.14,3.57,""
"230","2495","普安","2018/11/07","3",1281938609,5000000,9.00,16.00,"2018/11/08","2019/01/04","Y","查詢",2926000,2926000,58.52,33784732,11.55,1.05,"因股價波動及限時、限價、限量掛單買進，致部分買單未能撮合成交"
"231","2537","聯上發","2018/11/07","3",1136676146,15027890,5.00,10.00,"2018/11/08","2019/01/07","Y","查詢",0,"",0.00,0,0.00,0.00,"因執行買回股份期間，股價已漸趨穩定，基於資金有效運用及股東權益維護之考量，故未予執行完畢。"
"232","2630","亞航","2018/11/07","3",453149070,5000000,13.65,33.00,"2018/11/08","2019/01/07","Y","查詢",2088000,2088000,41.76,50470904,24.17,1.71,"基於維護股東權益並兼顧市場機制，公司視股價變化及成交量狀況採取分批買回策略，故未全數執行完畢。"
"233","3013","晟銘電","2018/11/07","3",552252971,3500000,11.00,21.00,"2018/11/08","2019/01/07","Y","查詢",3500000,3500000,100.00,52026594,14.86,2.06,""
"234","6116","彩晶","2018/11/07","3",10497181230,100000000,6.00,10.00,"2018/11/08","2019/01/07","Y","查詢",100000000,100000000,100.00,719507338,7.20,3.09,""
"235","6449","鈺邦","2018/11/07","1",1116974531,2000000,20.97,48.25,"2018/11/09","2019/01/07","Y","查詢",1258000,1258000,62.90,38054753,30.25,1.49,"為兼顧市場機制，並維護股東權益，本公司視股價變化採分批買回，故本次庫藏股未能執行完畢。"
"236","1517","利奇","2018/11/08","1",977983612,4000000,7.05,14.27,"2018/11/09","2019/01/08","Y","查詢",2140000,"",53.50,21235747,9.92,0.94,"本公司基於維護股東權益與兼顧市場機制，視股價變化及成交量狀況採分批買回，故未予以執行完畢。"
"237","2911","麗嬰房","2018/11/08","3",1070027834,2000000,8.00,12.00,"2018/11/08","2019/01/07","Y","查詢",2000000,"",100.00,19401017,9.70,1.01,""
"238","3021","鴻名","2018/11/08","1",213588697,1000000,9.31,20.52,"2018/11/09","2019/01/08","Y","查詢",1000000,"",100.00,14261733,14.26,1.04,""
"239","4763","材料-KY","2018/11/08","1",703072410,1000000,100.00,160.00,"2018/11/09","2019/01/08","Y","查詢",513000,"",51.30,63586370,123.95,1.10,"本公司基於維護股東權益與兼顧市場機制,並考量後續資金運用,故未予以執行完畢"
"240","1339","昭輝","2018/11/09","1",2552784594,1000000,32.00,53.85,"2018/11/12","2019/01/11","Y","查詢",15000,"",1.50,525897,35.06,0.02,"本公司基於維護股東權益與兼顧市場機制,故本次庫藏股未能執行完畢。"
"241","2107","厚生","2018/11/09","3",6621793631,10000000,14.00,18.00,"2018/11/12","2019/01/11","Y","查詢",10000000,10000000,100.00,153287901,15.33,2.70,""
"242","2358","廷鑫","2018/11/09","1",288710000,3000000,12.00,26.00,"2018/11/09","2019/01/08","Y","查詢",1892000,"",63.07,33338320,17.62,2.00,"本公司基於維護股東權益與兼顧市場機制，並考量後續資金運用，故未予以執行完畢"
"243","2461","光群雷","2018/11/09","1",1138620164,6000000,8.65,18.78,"2018/11/12","2019/01/11","Y","查詢",6000000,2905000,100.00,79418677,13.24,3.77,""
"244","2929","淘帝-KY","2018/11/09","1",3739104000,1100000,64.50,143.00,"2018/11/12","2019/01/11","Y","查詢",577000,577000,52.45,48058832,83.29,0.70,"為兼顧市場機制，依股價及成交量狀況分批買回，故未執行完畢。"
"245","3058","立德","2018/11/09","3",739173956,3000000,4.91,10.97,"2018/11/12","2019/01/11","Y","查詢",2151000,2151000,71.70,16426414,7.64,1.27,"為兼顧協調市場機制，同時維護股東權益，故本次買回本公司股票未執行完畢。"
"246","4566","時碩工業","2018/11/09","1",1343322105,2000000,32.00,50.00,"2018/11/12","2019/01/11","Y","查詢",247000,"",12.35,10551056,42.72,0.37,"基於維護股東權益並兼顧市場機制，公司視股價變化、成交量狀況及考量資金的有效運用分批買回，故未全數執行完畢。"
"247","6226","光鼎","2018/11/09","1",101831519,5000000,8.50,12.00,"2018/11/09","2019/01/08","Y","查詢",2800000,"",56.00,25556268,9.13,2.44,"基於維護股東權益並兼顧市場機制，公司視股價變化及成交量狀況採取分批買回策略，故未全數執行完畢。"
"248","1587","吉茂","2018/11/10","3",527972063,500000,13.23,29.05,"2018/11/12","2019/01/11","Y","查詢",500000,500000,100.00,9746950,19.49,0.75,""
"249","1721","三晃","2018/11/12","3",90750310,6000000,6.50,14.00,"2018/11/13","2019/01/12","Y","查詢",5319000,"",88.65,52768285,9.92,2.39,"為兼顧市場機制避免影響股價，本公司視股價變化及成交量狀況分批買回，故未能執行完畢。"
"250","2408","南亞科","2018/11/12","1",127955391662,20000000,38.00,79.00,"2018/11/13","2018/11/28","Y","查詢",20000000,"",100.00,1146932497,57.35,0.64,""
"251","2408","南亞科","2018/11/12","3",127955391662,100000000,38.00,79.00,"2018/11/29","2019/01/11","Y","查詢",50136000,50136000,50.14,2665620924,53.17,1.62,"本公司基於維護股東權益與兼顧市場機制，故未予以執行完畢。"
"252","2448","晶電","2018/11/12","1",39339869240,15000000,25.00,40.00,"2018/11/13","2019/01/12","Y","查詢",7800000,"",52.00,190327325,24.40,0.72,"為維護整體股東權益，考量公司資金有效運用及未來員工認股意願，故本次未能執行完畢。"
"253","4943","康控-KY","2018/11/12","1",2212181888,1200000,89.00,234.00,"2018/11/13","2018/12/17","Y","查詢",629000,"",52.42,74143679,117.88,0.53,"因兼顧市場機制不影響股價，本公司視股價變化及成交量狀況採分批買回，故未予以執行完畢。"
"254","6625","必應","2018/11/12","1",239703539,800000,45.00,75.00,"2018/11/13","2019/01/12","Y","查詢",633000,"",79.13,34963858,55.24,1.78,"為兼顧市場機制，本公司視股價及市場狀況採分批買回策略，故本次庫藏股未能執行完畢。"
"255","1103","嘉泥","2018/11/13","1",7964118000,3000000,9.00,18.00,"2018/11/14","2019/01/11","Y","查詢",3000000,"",100.00,41072581,13.69,0.39,""
"256","2239","英利-KY","2018/11/13","3",10214390075,2000000,98.00,158.00,"2018/11/14","2019/01/13","Y","查詢",993000,993000,49.65,117401432,118.23,0.83,"為顧及本公司長期資金之規劃及有效運用，故未予以全部執行完畢。"
"257","2323","中環","2018/11/13","3",719102000,50000000,4.50,8.00,"2018/11/15","2019/01/11","Y","查詢",48110000,48110000,96.22,324007428,6.73,2.71,"為維護整體股東權益及兼顧市場機制，視股價變化於價格區間內採分批買回策略，故未執行完畢"
"258","8497","格威傳媒","2018/11/13","1",645456638,1500000,30.00,64.00,"2018/11/15","2019/01/13","Y","查詢",1465000,"",97.67,69691357,47.57,4.01,"本公司依股價及成交量狀況分批買回，故少量未執行完畢"
"259","2362","藍天","2018/11/14","1",4082295932,10000000,20.00,38.00,"2018/11/15","2019/01/14","Y","查詢",7500000,"",75.00,225566268,30.08,1.10,"因兼顧市場機制，本公司視股價變化及成交量狀況採分批買回，故未能執行完畢。"
"260","8478","東哥遊艇","2018/11/16","3",1547727284,3000000,24.00,51.00,"2018/11/19","2019/01/15","Y","查詢",2107000,2107000,70.23,88089039,41.81,2.26,"為維護股東權益與兼顧市場機制，故本次買回未予執行完畢。"
"261","2397","友通","2018/11/19","1",1921499000,1500000,60.00,75.00,"2018/11/20","2019/01/19","Y","查詢",200000,"",13.33,12906928,64.53,0.17,"考量員工未來認股意願及兼顧股東權益,故本次庫藏股未能執行完畢"
"262","8110","華東","2018/12/07","3",3594554000,20000000,10.00,11.50,"2018/12/10","2019/02/09","Y","查詢",20000000,20000000,100.00,218626856,10.93,3.80,""
"263","3094","聯傑","2018/12/11","1",322327772,3000000,14.50,24.00,"2018/12/12","2019/02/11","Y","查詢",1515000,"",50.50,28127052,18.57,1.79,"本公司視股價變化採取分批買回策略，為兼顧市場機制及維護全體股東權益 ，因而未全數買回原訂數量。"
"264","2841","台開","2018/12/19","1",1145211892,6000000,8.00,10.00,"2018/12/20","2019/02/18","Y","查詢",6000000,6000000,100.00,49156602,8.19,0.79,""
"265","1589","永冠-KY","2018/12/20","3",7363303037,6000000,35.00,76.59,"2018/12/21","2019/02/20","Y","查詢",6000000,6000000,100.00,344840849,57.47,5.38,""
"266","2483","百容","2018/12/20","1",1182201384,2000000,14.00,26.00,"2018/12/21","2019/02/20","Y","查詢",1019000,1019000,50.95,19197486,18.84,0.92,"考量買回期間股價維持並顧及本公司股東權益，故未執行完畢。"
"267","1504","東元","2018/12/22","3",28636888376,35000000,12.15,26.70,"2018/12/24","2019/02/22","Y","查詢",35000000,35000000,100.00,675839547,19.31,1.75,""
"268","2419","仲琦","2018/12/26","1",935528378,10000000,13.13,29.36,"2018/12/27","2019/02/26","Y","查詢",7669000,"",76.69,160670084,20.95,3.42,"為兼顧市場機制不影響股價，本公司視股價變化及成交量狀況採行分批買回策略，故未執行完畢。"
"269","3013","晟銘電","2018/12/26","3",658745722,3500000,11.00,22.00,"2018/12/27","2019/02/25","Y","查詢",3500000,3500000,100.00,52512440,15.00,2.06,""
"270","2855","統一證","2018/12/28","3",11128755928,30000000,8.05,18.36,"2019/01/02","2019/02/27","Y","查詢",18038000,18038000,60.13,231821838,12.85,1.30,"因執行買回股份期間，股價已漸趨穩定，基於資金有效運用及股東權益維護之考量，故未全數執行完畢。"
"271","3038","全台","2019/01/08","1",262282565,5000000,7.00,11.00,"2019/01/08","2019/03/07","Y","查詢",5000000,"",100.00,50738984,10.15,2.87,""
"272","6451","訊芯-KY","2019/01/08","1",4172096975,2858000,62.00,118.00,"2019/01/09","2019/03/08","Y","查詢",2858000,"",100.00,243432003,85.18,2.71,""
"273","8374","羅昇","2019/01/21","1",641761841,2000000,15.00,28.00,"2019/01/21","2019/03/20","Y","查詢",0,"",0.00,0,0.00,0.00,"因本公司股價自董事會決議買回日起走升，並考量員工未來認股意願及資金運用效益，故未執行完畢。"
"274","3055","蔚華科","2019/01/23","3",2053824000,2300000,20.00,36.00,"2019/01/24","2019/03/22","Y","查詢",1066000,1066000,46.35,28377917,26.62,1.03,"視資本市場整體行情及環境，並兼顧市場交易機制及維護整體股東權益，故未能執行完畢。"
"275","2020","美亞","2019/01/24","3",891636841,2000000,9.98,21.29,"2019/01/25","2019/03/24","Y","查詢",2000000,2000000,100.00,29739344,14.87,0.89,""
"276","2841","台開","2019/01/24","1",1145211892,6000000,8.00,10.00,"2019/01/25","2019/03/24","Y","查詢",6000000,6000000,100.00,50470845,8.41,0.79,""
"277","2904","匯僑","2019/01/24","1",250875228,250000,16.00,29.00,"2019/01/25","2019/03/22","Y","查詢",250000,250000,100.00,5216249,20.86,0.36,""
"278","8213","志超","2019/03/21","2",8273033922,2304000,22.60,48.50,"2019/03/22","2019/05/20","Y","查詢",2304000,2304000,100.00,87766430,38.09,0.85,""
"279","2611","志信","2019/03/26","3",682095839,2000000,4.82,9.33,"2019/03/26","2019/05/25","Y","查詢",2000000,2000000,100.00,15127101,7.56,1.12,""
"280","2841","台開","2019/03/26","1",1145211892,8000000,8.00,10.00,"2019/03/27","2019/05/26","Y","查詢",6012000,6012000,75.15,51596625,8.58,0.79,"為兼顧市場機制不影響股價，本公司視股價變化及成交量狀況採行分批買回策略，故未執行完畢。"
"281","3058","立德","2019/03/28","3",703525577,3000000,5.72,12.20,"2019/03/29","2019/05/28","Y","查詢",2630000,2630000,87.67,21679418,8.24,1.57,"為兼顧協調市場機制，同時維護股東權益，故本次買回本公司股票未執&#64008;完畢。"
"282","2303","聯電","2019/04/24","3",93261525446,200000000,8.40,18.10,"2019/04/25","2019/06/24","Y","查詢",200000000,200000000,100.00,2641387106,13.21,1.65,""
"283","2908","特力","2019/04/24","1",1586324000,20000000,20.00,28.00,"2019/04/29","2019/06/24","Y","查詢",9271000,"",46.36,205255772,22.14,1.82,"為兼顧市場機制及維護股東權益，本公司視股價變化及成交量採分批買回，故本次庫藏股未能執行完畢"
"284","9912","偉聯","2019/05/08","1",74369607,1500000,6.26,13.63,"2019/05/09","2019/07/08","Y","查詢",1500000,"",100.00,13633854,9.09,2.76,""
"285","1101","台泥","2019/05/10","1",78440337000,10000000,29.75,63.62,"2019/05/13","2019/07/12","Y","查詢",8000000,"",80.00,348959120,43.62,0.15,"原預定買回期間本公司股價與大盤相較無超跌情形，為維護股東權益及考量員工認股意願，故未執行完畢。"
"286","6531","愛普","2019/05/14","3",1383999071,1500000,29.00,50.00,"2019/05/15","2019/07/14","Y","查詢",1500000,1500000,100.00,55374954,36.92,1.99,""
"287","8473","山林水","2019/05/21","3",4262098796,3000000,45.00,65.00,"2019/05/22","2019/06/21","Y","查詢",3000000,3000000,100.00,159108236,53.04,2.18,""
"288","2841","台開","2019/05/29","1",1194365134,6000000,9.00,11.00,"2019/05/30","2019/07/29","Y","查詢",3148000,3148000,52.47,29978504,9.52,0.41,"為兼顧市場機制不影響股價，本公司視股價變化及成交量狀況採分批買回策略，故未執行完畢。"
"289","6464","台數科","2019/06/11","3",4422113762,150000,110.00,130.00,"2019/06/12","2019/07/12","Y","查詢",150000,150000,100.00,16243258,108.29,0.12,""
"290","2362","藍天","2019/06/18","1",2561980460,10000000,27.00,42.00,"2019/06/19","2019/08/18","Y","查詢",10000000,"",100.00,320067979,32.01,1.49,""
"291","1528","恩德","2019/06/25","1",530409264,5000000,7.00,12.00,"2019/06/26","2019/08/25","Y","查詢",5000000,"",100.00,47543967,9.51,2.51,""
"292","8482","商億-KY","2019/06/26","1",1841116734,3000000,110.00,170.00,"2019/06/27","2019/08/26","Y","查詢",3000000,"",100.00,423236000,141.08,2.70,""
"293","3481","群創","2019/07/15","1",154687383000,80000000,5.08,11.00,"2019/07/16","2019/09/14","Y","查詢",80000000,"",100.00,618580223,7.73,0.80,""
"294","1736","喬山","2019/07/25","1",5301186000,600000,70.00,100.00,"2019/07/26","2019/09/25","Y","查詢",600000,"",100.00,47859684,79.77,0.20,""
"295","2841","台開","2019/07/30","1",792829604,6000000,9.00,11.00,"2019/07/31","2019/09/30","Y","查詢",4182000,4182000,69.70,36447694,8.72,0.55,"為兼顧市場機制不影響股價，本公司視股價變化及成交量狀況採分批買回策略，故未執行完畢。"
"296","2908","特力","2019/08/02","1",1838571000,10000000,20.00,28.00,"2019/08/05","2019/10/04","Y","查詢",5035000,"",50.35,107999819,21.45,0.99,"為兼顧市場機制及維護股東權益，本公司視股價變化及成交量採分批買回，故本次庫藏股未能執行完畢"
"297","2436","偉詮電","2019/08/06","1",1040234937,3000000,21.00,35.00,"2019/08/07","2019/10/06","Y","查詢",3000000,108000,100.00,81102995,27.03,1.69,""
"298","9912","偉聯","2019/08/07","1",57773332,1500000,5.85,13.39,"2019/08/08","2019/10/07","Y","查詢",1260000,"",84.00,11196842,8.89,2.32,"為兼顧市場機制及維護股東權益，本公司視股價變化及成交量採分批買回，故本次庫藏股未能執行完畢。"
"299","3031","佰鴻","2019/08/09","1",615510604,10000000,10.50,17.50,"2019/08/12","2019/10/11","Y","查詢",10000000,"",100.00,149507225,14.95,5.36,""
"300","2809","京城銀","2019/08/12","3",22704312527,10000000,30.00,35.00,"2019/08/13","2019/10/09","Y","查詢",10000000,10000000,100.00,311658338,31.17,0.88,""
"301","3530","晶相光","2019/08/12","1",1267068453,1000000,53.00,115.00,"2019/08/13","2019/10/12","Y","查詢",1000000,"",100.00,96995435,97.00,1.28,""
"302","3481","群創","2019/08/20","3",148144304000,300000000,4.93,10.47,"2019/08/21","2019/10/20","Y","查詢",241000000,241000000,80.33,1682555476,6.98,2.42,"為維護整體股東權益及兼顧市場機制，視股價變化於價格區間內採分批買回策略，故未執行完畢"
"303","2495","普安","2019/09/02","3",1411582140,3000000,10.00,16.00,"2019/09/03","2019/11/01","Y","查詢",106000,106000,3.53,1543681,14.56,0.04,"本公司基於維護股東權益與兼顧市場機制，並考量後續資金運用，故未予以執行完畢。"
"304","2911","麗嬰房","2019/09/03","3",868646654,5000000,5.00,10.00,"2019/09/03","2019/11/01","Y","查詢",3053000,"",61.06,21889569,7.17,1.56,"為兼顧市場機制不影響股價，本公司視股價變化及成交量狀況，採行分批買回策略，故未執行完畢。"
"305","2409","友達","2019/09/09","1",85930170340,125000000,5.71,11.84,"2019/09/10","2019/11/09","Y","查詢",125000000,"",100.00,1013422848,8.11,1.30,""
"306","2425","承啟","2019/10/14","1",620600502,5000000,20.00,40.00,"2019/10/15","2019/12/13","Y","查詢",5000000,"",100.00,151745862,30.35,4.93,""
"307","2841","台開","2019/10/30","1",846523222,5000000,8.00,10.00,"2019/10/31","2019/12/30","Y","查詢",2516000,2516000,50.32,22517056,8.95,0.33,"為兼顧市場機制不影響股價，本公司視股價變化及成交量狀況採分批買回策略，故未執行完畢。"
"308","4967","十銓","2019/11/01","1",407373818,2000000,17.40,32.00,"2019/11/02","2019/12/02","Y","查詢",2000000,"",100.00,50478223,25.24,2.93,""
"309","4976","佳凌","2019/11/05","1",549323000,3000000,21.00,44.00,"2019/11/06","2020/01/05","Y","查詢",1517000,"",50.57,42504434,28.02,1.29,"為維護股東權益並兼顧市場機制，視股價變化及成交量狀況，採行分批買回策略，故未執行完畢。"
"310","3013","晟銘電","2019/11/06","3",671750523,3500000,11.00,20.00,"2019/11/07","2020/01/03","Y","查詢",3500000,3500000,100.00,49810302,14.23,2.15,""
"311","2451","創見","2019/11/07","3",14813171788,3000000,49.00,97.00,"2019/11/08","2020/01/07","Y","查詢",1700000,1700000,56.67,130621100,76.84,0.39,"為維護整體股東權益及兼顧市場機制，視股價變化於價格區間內採分批買回政策，故未執行完畢"
"312","2911","麗嬰房","2019/11/07","3",868646654,5000000,6.00,10.00,"2019/11/07","2020/01/06","Y","查詢",4330000,"",86.60,32088044,7.41,2.21,"為兼顧市場機制不影響股價，本公司視股價變化及成交量狀況，採行分批買回策略，故未執行完畢。"
"313","1587","吉茂","2019/11/11","3",541608368,500000,11.62,25.86,"2019/11/12","2020/01/11","Y","查詢",500000,500000,100.00,7927050,15.85,0.74,""
"314","2809","京城銀","2019/11/11","1",23733089689,3000000,30.00,35.00,"2019/11/12","2020/01/10","Y","查詢",3000000,"",100.00,98421625,32.81,0.27,""
"315","6005","群益證","2019/11/11","3",9861897342,150000000,8.50,12.00,"2019/11/12","2020/01/11","Y","查詢",150000000,150000000,100.00,1604386481,10.70,6.46,""
"316","8110","華東","2019/11/21","1",3488579000,10000000,9.00,12.00,"2019/11/22","2020/01/21","Y","查詢",10000000,"",100.00,116218019,11.62,1.97,""
"317","3257","虹冠電","2019/12/30","1",740882788,1500000,50.00,80.00,"2019/12/31","2020/02/29","Y","查詢",1294000,"",86.27,73395349,56.72,1.87,"為維護股東權益並兼顧市場機制不影響股價，且因農曆春節假期交易天數短及考量未來員工認股意願，故本次未能執行完畢。"
"318","1587","吉茂","2020/01/05","3",538460367,500000,10.33,22.51,"2020/01/06","2020/03/05","Y","查詢",500000,500000,100.00,7337950,14.68,0.74,""
"319","6442","光聖","2020/01/20","1",1343403000,3000000,27.00,55.00,"2020/01/21","2020/03/20","Y","查詢",3000000,"",100.00,110852705,36.95,4.33,""
"320","3059","華晶科","2020/01/31","1",5605002478,8000000,20.00,28.00,"2020/02/03","2020/04/02","Y","查詢",8000000,"",100.00,145952950,18.24,2.86,""
"321","2206","三陽工業","2020/02/03","3",4843345515,15000000,15.00,31.00,"2020/02/04","2020/04/01","Y","查詢",15000000,"",100.00,301818374,20.12,1.76,""
"322","2601","益航","2020/02/05","1",2471191871,10000000,8.50,9.90,"2020/02/06","2020/04/05","Y","查詢",10000000,"",100.00,94490850,9.45,1.59,""
"323","2911","麗嬰房","2020/02/10","3",774915738,5000000,6.00,11.00,"2020/02/10","2020/04/09","Y","查詢",4264000,"",85.28,27936700,6.55,2.26,"為兼顧市場機制不影響股價，本公司視股價變化及成交量狀況，採行分批買回策略，故未執行完畢。"
"324","2611","志信","2020/02/12","3",769295453,3000000,4.79,8.22,"2020/02/12","2020/04/11","Y","查詢",3000000,3000000,100.00,19606679,6.54,1.70,""
"325","1598","岱宇","2020/02/21","1",1002912315,3000000,30.00,50.00,"2020/02/24","2020/04/23","Y","查詢",3000000,"",100.00,104927035,34.98,2.61,""
"326","2939","凱羿-KY","2020/02/24","3",921889422,1900000,90.00,140.00,"2020/02/25","2020/04/24","Y","查詢",1474000,1474000,77.58,145264364,98.55,3.12,"因執行買回股份期間，股價已漸趨穩定，基於資金有效運用及股東權益維護之考量，故未全數執行完畢"
"327","2362","藍天","2020/02/27","1",3312915067,10000000,28.00,42.00,"2020/03/02","2020/05/01","Y","查詢",10000000,"",100.00,296649520,29.66,1.49,""
"328","3094","聯傑","2020/02/27","1",236061401,2000000,16.50,25.00,"2020/03/02","2020/05/01","Y","查詢",1400000,"",70.00,22758483,16.26,1.65,"本公司視股價變化採取分批買回策略，為兼顧市場機制及維護全體股東權益，因而未全數買回原定數量。"
"329","3058","立德","2020/03/03","1",603020159,2000000,4.41,10.05,"2020/03/04","2020/04/30","Y","查詢",2000000,"",100.00,10990139,5.50,1.21,""
"330","4306","炎洲","2020/03/10","1",2851653000,10000000,9.00,16.00,"2020/03/11","2020/05/08","Y","查詢",8699000,"",86.99,85553642,9.83,1.53,"為維護股東權益並兼顧市場機制，視股價變化及成交量狀況，採行分批買回策略，故未執行完畢。"
"331","3257","虹冠電","2020/03/11","1",776435962,1500000,45.00,65.00,"2020/03/12","2020/05/11","Y","查詢",946000,946000,63.07,43823375,46.32,1.36,"為維護股東權益並兼顧市場機制不影響股價，故本次未能執行完畢。"
"332","3013","晟銘電","2020/03/12","3",700808551,3500000,9.00,18.00,"2020/03/13","2020/05/11","Y","查詢",3500000,3500000,100.00,38712454,11.06,2.20,""
"333","4137","麗豐-KY","2020/03/12","1",2553476000,1000000,150.00,262.00,"2020/03/13","2020/05/12","Y","查詢",285000,"",28.50,46820885,164.28,0.36,"本公司視股價變化採取分批買回策略，為兼顧市場機制及維護全體股東權益，因而未全數買回原定數量。"
"334","6141","柏承","2020/03/12","3",318371277,2000000,10.90,27.20,"2020/03/13","2020/05/12","Y","查詢",1050000,"",52.50,15891782,15.14,0.81,"考量買回期間股價已趨穩定，故期限雖屆滿但未執行完畢"
"335","1313","聯成","2020/03/13","1",5450732950,10000000,8.30,11.30,"2020/03/16","2020/05/15","Y","查詢",10000000,"",100.00,93355874,9.34,0.75,""
"336","2023","燁輝","2020/03/13","3",7985622345,100000000,8.00,9.50,"2020/03/16","2020/05/15","Y","查詢",22758000,"",22.76,185259045,8.14,1.19,"為兼顧市場機制及維護整體股東權益，考量股價變動已趨穩定及資金之有效運用，故未予以全部執行完畢。"
"337","2353","宏","2020/03/13","3",30477974569,230000000,10.05,13.50,"2020/03/13","2020/05/05","Y","查詢",27080000,"",11.77,361943540,13.37,0.88,"市場價格高於庫藏股買回執行價格區間上限，故未全數執行完畢。"
"338","2461","光群雷","2020/03/13","1",1109535009,6000000,9.10,24.31,"2020/03/16","2020/05/15","Y","查詢",6000000,"",100.00,77891133,12.98,3.77,""
"339","2524","京城","2020/03/13","3",9102770000,10000000,20.00,35.00,"2020/03/16","2020/05/15","Y","查詢",10000000,"",100.00,310789663,31.08,2.60,""
"340","6226","光鼎","2020/03/13","1",68477507,4292000,5.00,10.00,"2020/03/13","2020/05/12","Y","查詢",1085000,"",25.28,7920760,7.30,0.94,"基於維護股東權益並兼顧市場機制，公司視股價變化及成交量狀況採取分批買回策略，故未全數執行完畢。"
"341","1609","大亞","2020/03/16","1",1010283159,10000000,5.68,15.55,"2020/03/17","2020/05/15","Y","查詢",5500000,"",55.00,54141308,9.84,0.92,"為考量資金有效運用並維護股東權益，本公司視股價變化採分批買回，故本次庫藏股未能執行完畢。"
"342","2030","彰源","2020/03/16","3",1022180615,3000000,9.00,13.00,"2020/03/16","2020/05/15","Y","查詢",3000000,"",100.00,29173412,9.72,1.05,""
"343","2514","龍邦","2020/03/16","3",4666019000,20000000,10.00,16.00,"2020/03/17","2020/05/16","Y","查詢",10000000,"",50.00,129789065,12.98,2.47,"為兼顧市場機制不影響股價，本公司視股價變化及成交量狀況執行分批買回，故未能執行完畢。"
"344","2809","京城銀","2020/03/16","3",23322964726,10000000,28.00,35.00,"2020/03/17","2020/05/15","Y","查詢",10000000,10000000,100.00,276923886,27.69,0.88,""
"345","2474","可成","2020/03/17","3",145536990928,25000000,132.00,354.20,"2020/03/18","2020/05/17","Y","查詢",8773000,"",35.09,1796022500,204.72,1.14,"為維護整體股東權益及兼顧市場機制，視股價變化於價格區間內採分批買回策略，故未執行完畢。"
"346","2504","國產","2020/03/17","3",3927508000,100000000,8.00,13.00,"2020/03/18","2020/04/27","Y","查詢",6191000,"",6.19,61841220,9.99,0.45,"為兼顧市場機制並維護股東權益，本公司視股價變化採分批買回，故本次庫藏股未能執行完畢。"
"347","3296","勝德","2020/03/17","3",499050182,1500000,8.60,21.00,"2020/03/18","2020/05/15","Y","查詢",1500000,"",100.00,19861298,13.24,1.53,""
"348","4763","材料-KY","2020/03/17","1",747269622,1000000,95.00,190.00,"2020/03/18","2020/05/17","Y","查詢",571000,"",57.10,52318960,91.63,1.12,"因執行買回股份期間，股價已漸趨穩定，基於維護股東權益與資金有效運用，故未全數執行完畢"
"349","6655","科定","2020/03/17","1",1611398791,4000000,24.00,57.00,"2020/03/18","2020/05/16","Y","查詢",4000000,"",100.00,165010171,41.25,5.29,""
"350","2365","昆盈","2020/03/18","3",673793367,10000000,5.00,8.00,"2020/03/19","2020/05/17","Y","查詢",5010000,"",50.10,34837401,6.95,2.14,"本次買回股份執行後股價快速反彈，且因4月中旬後大多數時間股價位於買回區間上限$8元以上，無法買回，基於公司財務面及股東權益整體考量未執行完畢。"
"351","2850","新產","2020/03/18","1",2939357502,5000000,22.25,57.10,"2020/03/19","2020/05/18","Y","查詢",50000,"",1.00,1528149,30.56,0.02,"為維護股東權益並兼顧市場機制,視股價變化與市場成交量調整"
"352","2883","開發金","2020/03/18","3",19071801742,150000000,7.60,10.00,"2020/03/19","2020/05/18","Y","查詢",0,"",0.00,0,0.00,0.00,"考量執行期間本公司股價逐漸回穩，基於維護股東權益及資金效益，故本次買回庫藏股未予執行。"
"353","3032","偉訓","2020/03/18","1",1123063278,4000000,21.50,30.00,"2020/03/19","2020/05/18","Y","查詢",2000000,"",50.00,51701070,25.85,1.77,"因執行買回股份期間，股價已漸趨穩定，基於維護股東權益與資金有效運用，故未全數執行完畢。"
"354","3041","揚智","2020/03/18","1",1490225225,3850000,10.50,18.00,"2020/03/19","2020/05/18","Y","查詢",2000000,"",51.95,30077609,15.04,1.04,"本公司考慮受疫情影響使整體經濟情況尚不明朗，為兼顧市場機制及維護整體股東權益，故未能全部執行完畢。"
"355","4739","康普","2020/03/18","1",2258976496,4000000,25.41,91.73,"2020/03/19","2020/05/18","Y","查詢",2025000,"",50.63,115747975,57.16,2.18,"為維護股東權益並兼顧市場機制，本公司視股價變化及成交量狀況採取分批買回策略，故未全數執行完畢。"
"356","4976","佳凌","2020/03/18","1",493676000,2000000,10.00,33.00,"2020/03/19","2020/05/18","Y","查詢",836000,"",41.80,14882310,17.80,0.70,"為維護股東權益並兼顧市場機制，視股價變化及成交量狀況，採行分批買回策略，故未執行完畢。"
"357","5388","中磊","2020/03/18","1",4519814321,5000000,42.91,80.00,"2020/03/19","2020/05/17","Y","查詢",1998000,"",39.96,130468015,65.30,0.80,"1.採限時、限量、限價低接為原則,致部份買單未成交 2.疫情未見緩和,保留部份額度備用"
"358","5531","鄉林","2020/03/18","3",933171801,12500000,8.00,12.00,"2020/03/19","2020/05/18","Y","查詢",4885000,"",39.08,40457789,8.28,0.50,"本公司基於維護股東權益與兼顧市場機制，並保留後續資金運用，故未予以執行完畢。"
"359","1733","五鼎","2020/03/19","1",549841249,1000000,21.00,32.00,"2020/03/20","2020/05/18","Y","查詢",573000,"",57.30,12245800,21.37,0.57,"為考量資金有效運用及兼顧市場機制不影響股價，本公司視股價變化及成交量狀況採分批買回，故本次庫藏股未能執行完畢。"
"360","2031","新光鋼","2020/03/19","3",2851769493,7000000,12.01,41.76,"2020/03/20","2020/05/18","Y","查詢",3500000,"",50.00,81767841,23.36,1.13,"為維護股東權益並兼顧市場機制，故未執行完畢。"
"361","2455","全新","2020/03/19","1",519555653,5000000,58.00,103.00,"2020/03/20","2020/05/19","Y","查詢",2000,"",0.04,126488,63.24,0.00,"執行期間受惠於國安基金進場護盤帶領下，市場氛圍已明顯改善，本公司考量後續資金運用，故未予以執行完畢。"
"362","2636","台驊投控","2020/03/19","1",1135885763,10000000,12.32,25.00,"2020/03/19","2020/05/18","Y","查詢",1556000,"",15.56,32762643,21.06,1.33,"為顧及股東權益及兼顧員工意願"
"363","2897","王道銀行","2020/03/19","1",4781949079,35000000,5.00,7.00,"2020/03/20","2020/05/19","Y","查詢",5737000,"",16.39,38304469,6.68,0.24,"為維護股東權益與兼顧市場機制，視股價及成交量採分批買回，惟因期間市場交易量低於預期，且自4/29起，收盤股價已逾預定買回價格之上限，故本次買回未能執行完畢"
"364","3015","全漢","2020/03/19","3",3340905373,5000000,15.00,25.00,"2020/03/20","2020/05/19","Y","查詢",5000000,"",100.00,101002529,20.20,2.60,""
"365","3021","鴻名","2020/03/19","3",262344171,3000000,7.42,21.80,"2020/03/20","2020/05/19","Y","查詢",1813467,"",60.45,21427637,11.82,1.89,"為兼顧市場機制及維護全體股東權益，故本次未能執行完畢。"
"366","8011","台通","2020/03/19","3",1409479101,2500000,9.00,13.00,"2020/03/20","2020/05/19","Y","查詢",1040000,"",41.60,12557850,12.07,0.88,"股價已超過本公司可執行買回之區間價格，故未能全數執行完畢。"
"367","1101","台泥","2020/03/20","1",82253560000,8000000,25.90,61.95,"2020/03/23","2020/05/22","Y","查詢",4000000,"",50.00,171600146,42.90,0.07,"原預定買回期間本公司股價與大盤相較無超跌情形，為維護股東權益及考量員工認股意願，故未執行完畢。"
"368","1455","集盛","2020/03/20","3",747464905,60000000,3.41,10.05,"2020/03/23","2020/05/22","Y","查詢",33763000,"",56.27,239691515,7.10,5.52,"本公司為兼顧市場交易機制及維護整體股東權益，視股價變化及成交量執行分批買回庫藏股，考量買回期間股價已趨穩定又每日成交量不大，故未能執行完畢。"
"369","1587","吉茂","2020/03/20","3",538460367,1000000,6.85,19.98,"2020/03/23","2020/05/22","Y","查詢",1000000,"",100.00,11259810,11.26,1.51,""
"370","1598","岱宇","2020/03/20","1",1002912315,4500000,25.00,45.00,"2020/03/23","2020/05/19","Y","查詢",1565000,"",34.78,50663964,32.37,1.36,"為維護整體股東權益及兼顧市場機制，視股價變化於價格區間內採分批買回策略，故未執行完畢。"
"371","1718","中纖","2020/03/20","1",3680468488,20000000,3.49,10.50,"2020/03/23","2020/05/22","Y","查詢",304000,"",1.52,1745662,5.74,0.02,"為維護整體股東權益,本公司視股價在市場上之變化採分批買回策略。"
"372","1736","喬山","2020/03/20","1",6495739000,2000000,40.00,80.00,"2020/03/23","2020/05/22","Y","查詢",531000,"",26.55,32305935,60.84,0.17,"為顧及本公司資金規劃及有效運用，故未予以全部執行完畢。"
"373","2069","運錩","2020/03/20","1",1381083466,5000000,9.00,18.00,"2020/03/23","2020/05/19","Y","查詢",2700000,"",54.00,40787529,15.11,1.73,"為維護股東權益並兼顧市場機制不影響股價，故本次未能執行完畢。"
"374","2107","厚生","2020/03/20","3",6497001553,20000000,13.00,18.00,"2020/03/23","2020/05/22","Y","查詢",7674000,"",38.37,129617839,16.89,2.19,"本公司視國際證金環境及國內證券市場情形，採分批買回策略，惟國內新冠肺炎疫情穩定後，股市止跌回升，本公司股價亦達買回區間上限，故未能按原定數量全數買回。"
"375","2206","三陽工業","2020/03/20","3",4843345515,15000000,15.00,30.00,"2020/03/23","2020/05/22","Y","查詢",6197000,"",41.31,120672646,19.47,0.73,"為維護股東權益及兼顧市場機制，視股價變化及成交量狀況採行分批買回策略，故未執行完畢。"
"376","2454","聯發科","2020/03/20","3",238042410101,15900000,301.00,452.00,"2020/03/23","2020/05/22","Y","查詢",130000,"",0.82,53599766,412.31,0.01,"本公司顧及資金運用效益與維護股東權益，本次庫藏股未全數執行。"
"377","2547","日勝生","2020/03/20","3",2067149664,20000000,6.00,10.00,"2020/03/23","2020/05/12","Y","查詢",12213000,"",61.07,114160070,9.35,1.34,"股價已超過本公司可執行買回之區間價格，故未全數執行完畢。"
"378","3030","德律","2020/03/20","3",2240759206,10000000,29.30,74.90,"2020/03/23","2020/05/22","Y","查詢",0,0,0.00,0,0.00,0.00,"考量執行期間本公司股價逐漸回穩，基於維護股東權益及資金效益，故本次買回庫藏股未予執行。"
"379","3031","佰鴻","2020/03/20","3",624965092,5000000,7.50,20.45,"2020/03/23","2020/05/22","Y","查詢",5000000,"",100.00,70903406,14.18,2.68,""
"380","3059","華晶科","2020/03/20","1",5308674240,8000000,18.00,25.00,"2020/03/23","2020/05/22","Y","查詢",3000000,"",37.50,63231863,21.08,1.07,"考量買回期間股價及成交量狀況已趨穩定，為兼顧巿場機制及維護整體股東權益故未能執行完畢。"
"381","3305","昇貿","2020/03/20","1",2239601000,3000000,16.00,32.00,"2020/03/20","2020/05/18","Y","查詢",589000,"",19.63,11016790,18.70,0.50,"為考量資金有效運用並維護股東權益，本公司視股價變化採分批買回，故本次庫藏股未能執行完畢。"
"382","5706","鳳凰","2020/03/20","1",433858350,5000000,18.00,36.00,"2020/03/24","2020/05/22","Y","查詢",621000,"",12.42,18282647,29.44,1.01,"為維護整體股東權益兼顧市場機制，本公司視股價變化於區間內分批買回，考量資金之有效運用，故未執行完畢。"
"383","9802","鈺齊-KY","2020/03/20","1",5518595694,1000000,55.00,150.00,"2020/03/23","2020/04/22","Y","查詢",660000,"",66.00,57582681,87.25,0.38,"基於維護股東權益並兼顧市場機制，公司視股價變化及成交量狀況採取分批買回策略，故未全數執行完畢。"
"384","9943","好樂迪","2020/03/20","1",1901877944,5000000,34.30,95.99,"2020/03/20","2020/05/19","Y","查詢",57000,"",1.14,2953742,51.82,0.04,"因本公司股價自董事會決議買回日起走升，並考量員工未來認股意願及資金運用效益，故未執行完畢。"
"385","1445","大宇","2020/03/21","3",122003948,10000000,5.00,9.00,"2020/03/23","2020/05/20","Y","查詢",2001000,"",20.01,14533984,7.26,1.51,"為維護整體股東權益及兼顧市場機制，視股價變化於價格區間內採分批買回策略，故未執行完畢。"
"386","1454","台富","2020/03/21","3",127564923,10000000,6.00,10.00,"2020/03/23","2020/05/20","Y","查詢",4476000,"",44.76,34561833,7.72,3.33,"市場價格已恢復正常"
"387","1310","台苯","2020/03/23","1",1305034402,7000000,8.61,25.77,"2020/03/25","2020/05/22","Y","查詢",1040000,"",14.86,15186712,14.60,0.20,"為兼顧市場機制及員工認股意願"
"388","2459","敦吉","2020/03/23","3",3006592354,2000000,33.00,45.00,"2020/03/24","2020/05/22","Y","查詢",305000,"",15.25,11893402,38.99,0.29,"因兼顧市場機制不影響股價，本公司視股價變化及成交量狀況採分批買回策略，於執行期間內股價逐漸回穩、波動相對穩定，故未能執行完畢。"
"389","2481","強茂","2020/03/23","1",2487828575,10000000,10.54,34.50,"2020/03/24","2020/05/23","Y","查詢",700000,"",7.00,16507418,23.58,0.21,"為維護整體股東權益及兼顧市場機制，視股價變化於價格區間內採分批買回策略，故未執行完畢。"
"390","2483","百容","2020/03/23","3",1144855736,3000000,11.00,28.00,"2020/03/24","2020/05/22","Y","查詢",1525000,"",50.83,27318639,17.91,1.38,"考量 買回期間股價維持並顧及本公司股東權益，故未執行完畢"
"391","2889","國票金","2020/03/23","1",1783905032,50000000,9.00,11.00,"2020/03/24","2020/05/23","Y","查詢",10000000,"",20.00,106345863,10.63,0.35,"股價超過董事會授權範圍"
"392","3708","上緯投控","2020/03/23","1",2790380965,2000000,37.00,106.00,"2020/03/24","2020/05/22","Y","查詢",1000000,"",50.00,66341284,66.34,1.07,"為兼顧市場機制及維護全體股東權益，視股價變化及成交量狀況採分批買回策略，故未依原預定數量全部執行完畢。"
"393","4906","正文","2020/03/23","3",5593801000,20000000,13.80,26.00,"2020/03/24","2020/05/23","Y","查詢",3293000,"",16.47,68766973,20.88,0.92,"因考量買回期間股價穩定，及維護整體股東權益，本公司視股價變化採分批買回，故本次庫藏股未能執行完畢。"
"394","6191","精成科","2020/03/23","1",6503477000,1500000,9.00,12.00,"2020/03/24","2020/05/23","Y","查詢",650000,"",43.33,7650927,11.77,0.13,"市場價格高於買回區間價格上限，故未全數執行完畢。"
"395","6205","詮欣","2020/03/23","3",883891577,3000000,15.00,30.00,"2020/03/24","2020/05/23","Y","查詢",627000,"",20.90,13366888,21.32,0.87,"本公司為兼顧市場機制及維護全體股東權益，視股價變化及成交量狀況採分批買回策略，因而未依原預定數量完全執行完畢。"
"396","6269","台郡","2020/03/23","1",19340481462,5000000,70.00,120.00,"2020/03/24","2020/03/31","Y","查詢",0,0,0.00,0,0.00,0.00,"本公司基於維護股東權益與兼顧市場機制、並考量資金效益，故本次庫藏股未能執行完畢。"
"397","6269","台郡","2020/03/23","3",19340481462,25000000,70.00,120.00,"2020/04/01","2020/05/23","Y","查詢",0,0,0.00,0,0.00,0.00,"本公司基於維護股東權益與兼顧市場機制、並考量資金效益，故本次庫藏股未能執行完畢。"
"398","8213","志超","2020/03/23","1",8448441240,10000000,18.45,47.45,"2020/03/24","2020/05/23","Y","查詢",10000000,"",100.00,328049036,32.80,3.69,""
"399","8462","柏文","2020/03/23","1",1110603970,2000000,100.00,200.00,"2020/03/24","2020/05/22","Y","查詢",0,"",0.00,0,0.00,0.00,"基於維護股東權益與兼顧市場機制，減少對集中市場股價之影響，並考量公司資金有效運用，故本次買回本公司股份期間屆滿未執行完畢。"
"400","9939","宏全","2020/03/23","3",9183154404,10000000,40.00,60.00,"2020/03/24","2020/05/22","Y","查詢",5093000,"",50.93,277422689,54.47,1.74,"為維護整體股東權益及兼顧市場機制，視股價變化於價格區間內採分批買回策略，故未執行完畢。"
"401","2231","為升","2020/03/24","1",2056645987,5000000,90.00,140.00,"2020/03/25","2020/05/24","Y","查詢",3361000,"",67.22,431515639,128.39,2.74,"為維護股東權益與兼顧市場機制，本公司視股價變化及成交量狀況分批買回，股價已超出董事會授權區間，故未能執行完畢"
"402","2417","圓剛","2020/03/24","1",777359000,5000000,6.08,16.51,"2020/03/25","2020/05/24","Y","查詢",3002000,"",60.04,38888877,12.95,1.56,"為兼顧市場機制不影響股價，並維護股東權益，公司視股價變化及成交量狀況分批買回，執行率60.04%。"
"403","2472","立隆電","2020/03/24","1",1741389391,2000000,25.00,35.00,"2020/03/25","2020/05/24","Y","查詢",10000,"",0.50,343486,34.35,0.01,"為考量資金有效運用及兼顧市場機制，本公司視股價變化及成交量狀況採分批買回，且自4/15之後股價已超過本公司可執行買回之價格上限，故未能全數執行完畢。"
"404","3022","威強電","2020/03/24","3",5143965541,1000000,25.00,50.00,"2020/03/25","2020/05/22","Y","查詢",692000,"",69.20,25008158,36.14,0.39,"為維護整體股東權益及兼顧市場機制，視股價變化於價格區間內採分批買回策略，故本次庫藏股未能執行完畢。"
"405","3038","全台","2020/03/24","1",203468495,7000000,12.00,20.00,"2020/03/24","2020/05/23","Y","查詢",0,"",0.00,0,0.00,0.00,"因本公司股價自董事會決議買回日起走升，考量員工及股東權益，故未執行完畢。"
"406","3231","緯創","2020/03/24","1",34164177514,60000000,16.00,30.00,"2020/03/25","2020/05/23","Y","查詢",58769000,"",97.95,1607258790,27.35,2.07,"為維護整體股東權益及兼顧市場機制，本公司視股價變化於價格區間內採分批買回策略，故未執行完畢。"
"407","5203","訊連","2020/03/24","3",2674371588,2000000,70.00,120.00,"2020/03/25","2020/05/24","Y","查詢",1205000,"",60.25,124743901,103.52,1.42,"本公司為兼顧市場機制及維護全體股東權益，視股價變化及成交量狀況採分批買回策略，因而未依原預定數量完全執行完畢。"
"408","5283","禾聯碩","2020/03/24","3",2714314000,3000000,75.00,115.00,"2020/03/24","2020/05/23","Y","查詢",3000000,"",100.00,280093974,93.36,3.95,""
"409","6464","台數科","2020/03/24","3",3253135028,450000,105.00,130.00,"2020/03/25","2020/05/22","Y","查詢",450000,"",100.00,51278353,113.95,0.37,""
"410","8110","華東","2020/03/24","1",3488579000,2000000,6.00,9.00,"2020/03/25","2020/05/24","Y","查詢",1618000,"",80.90,13582692,8.39,0.32,"本次執行期間內，因市場股價已超出預定買回價格上限，故未能全數買回。"
"411","1103","嘉泥","2020/03/25","1",8863013000,7000000,11.00,16.00,"2020/03/26","2020/05/24","Y","查詢",1435000,"",20.50,22239663,15.50,0.19,"原預定買回期間本公司股價與大盤相較無超跌情形，為維護股東權益及考量員工認股意願，故未執行完畢。"
"412","1517","利奇","2020/03/25","1",804877724,3000000,4.61,12.27,"2020/03/26","2020/05/25","Y","查詢",2385000,"",79.50,17991000,7.54,1.05,"本公司基於維護股東權益與兼顧市場機制，視股價變化及成交量狀況採分批買回，故未予以執行完畢。"
"413","2413","環科","2020/03/25","1",309730405,2000000,6.68,18.68,"2020/03/26","2020/05/25","Y","查詢",538000,"",26.90,6159927,11.45,0.42,"為兼顧市場機制及員工認股意願，以致未依預計數量全數買回。"
"414","2495","普安","2020/03/25","3",1297674640,1000000,9.00,13.00,"2020/03/26","2020/05/22","Y","查詢",1000000,"",100.00,11315740,11.32,0.36,""
"415","4414","如興","2020/03/25","3",4183018941,6900000,6.00,14.00,"2020/03/26","2020/05/24","Y","查詢",3477000,"",50.39,31400507,9.03,0.38,"為維護整體股東權益及兼顧市場機制，視股價變化於價格區間內採分批買回策略，故未執行完畢。"
"416","4439","冠星-KY","2020/03/25","1",1774274247,300000,80.00,210.00,"2020/03/26","2020/05/25","Y","查詢",151000,"",50.33,20801671,137.76,0.48,"為維護整體股東權益及兼顧市場機制，視股價變化於價格區間內採分批買回策略，故未執行完畢。"
"417","4912","聯德控股-KY","2020/03/25","3",1270511795,1000000,50.00,90.00,"2020/03/26","2020/04/30","Y","查詢",505000,505000,50.50,38523601,76.28,1.06,"因兼顧市場機制不影響股價，本公司視股價變化及成交量狀況採分批買回，故未執行完畢。"
"418","8271","宇瞻","2020/03/25","1",1539497044,2000000,25.65,32.00,"2020/03/26","2020/05/25","Y","查詢",0,"",0.00,0,0.00,0.00,"執行庫藏股期間股價持續回穩致市場價格高於庫藏股買回執行價格區間上限，故未予以執行"
"419","1536","和大","2020/03/26","3",3503122009,6000000,60.00,90.00,"2020/03/27","2020/05/26","Y","查詢",439000,"",7.32,35009873,79.75,0.17,"基於維護股東權益並兼顧市場機制，公司視股價變化及成交量狀況採取分批買回策略，故未全數執行完畢。"
"420","1558","伸興","2020/03/26","1",3671542595,1200000,90.00,110.00,"2020/03/27","2020/05/26","Y","查詢",0,"",0.00,0,0.00,0.00,"本公司買回期間股價均未低於最高買回區間價格110元，故本次買回庫藏股數量未達預定買回數量。"
"421","2426","鼎元","2020/03/26","1",386337047,5000000,8.00,13.00,"2020/03/27","2020/05/25","Y","查詢",2656000,"",53.12,30789863,11.59,0.88,"因本公司股價自109/5/6至買回期間結束日109/5/25止，皆高於買回區間最高價格13元，故未執行完畢，執行率為53.12%。"
"422","3058","立德","2020/03/26","3",587062524,3000000,3.44,9.00,"2020/03/27","2020/05/26","Y","查詢",3000000,"",100.00,18176407,6.06,1.82,""
"423","4961","天鈺","2020/03/26","1",2053540704,5000000,20.00,40.00,"2020/03/27","2020/05/26","Y","查詢",369000,"",7.38,9449200,25.61,0.22,"為兼顧市場機制不影響股價，本公司視股價變化及成交量狀況採分批買回策略，故未能執行完畢。"
"424","5258","虹堡","2020/03/26","1",383414635,1500000,13.00,34.00,"2020/03/27","2020/05/26","Y","查詢",771000,"",51.40,18064279,23.43,0.86,"為維護整體股東權益，本公司視股價變化採取分批買回策略。執行率51.4%。"
"425","1314","中石化","2020/03/27","3",13715715064,50000000,5.03,7.50,"2020/03/30","2020/05/29","Y","查詢",0,"",0.00,0,0.00,0.00,"因市場價格大多高於庫藏股買回執行價格區間上限，且原預定買回期間本公司股價與大盤相較無超跌情形，為維護股東權益及兼顧市場機制，故未執行買回。"
"426","1531","高林股","2020/03/27","3",1845313701,2000000,8.00,15.00,"2020/03/27","2020/05/26","Y","查詢",1400000,"",70.00,16488863,11.78,0.76,"為兼顧市場機制不影響股價，本公司視股價變化及成交量狀況採行分批買回策略，故未執行完畢。"
"427","1817","凱撒衛","2020/03/27","1",863180510,1000000,19.00,46.05,"2020/03/27","2020/05/26","Y","查詢",524000,"",52.40,15674348,29.91,0.72,"為兼顧市場機制不影響股價，本公司視股價變化及成交量狀況，採行分批買回策略，故未執行完畢。"
"428","2428","興勤","2020/03/27","3",4552192896,1200000,51.10,80.00,"2020/03/30","2020/05/29","Y","查詢",0,"",0.00,0,0.00,0.00,"考量執行期間本公司股價逐漸回穩，基於維護股東權益及資金效益，故本次買回庫藏股未予執行。"
"429","2462","良得電","2020/03/27","3",1111658695,1000000,22.00,30.00,"2020/03/30","2020/05/26","Y","查詢",550000,"",55.00,14021620,25.49,0.39,"基於維護股東權益並兼顧市場機制，公司視股價變化及成交量狀況採取分批買回策略，故本次買回庫藏股未能執行完畢"
"430","3052","夆典","2020/03/27","1",264126205,6000000,7.00,12.00,"2020/03/30","2020/05/29","Y","查詢",2525000,"",42.08,26129920,10.35,1.10,"為兼顧市場機制及有效運用資金，本公司視股價變化及成交量狀況採分批買回策略，故未予以執行完畢"
"431","5515","建國","2020/03/27","3",1461891000,10000000,7.00,10.00,"2020/03/30","2020/05/29","Y","查詢",10000000,"",100.00,97768438,9.78,3.74,""
"432","8482","商億-KY","2020/03/27","3",1747923571,3000000,100.00,180.00,"2020/03/30","2020/05/29","Y","查詢",668000,"",22.27,71674409,107.30,0.60,"因公司以穩定及不助漲股價為原則，執行買回股份期間之股價穩定，基於維護股東權益及資金有效運用，故未全數執行完畢。"
"433","2312","金寶","2020/03/30","1",1301640495,45000000,6.90,18.00,"2020/03/31","2020/05/30","Y","查詢",28443000,"",63.21,331781818,11.66,1.95,"考慮受疫情影響使整體經濟情況尚不明朗，為兼顧市場機制及維護整體股東權益，故未能全部執行完畢"
"434","5522","遠雄","2020/03/30","3",29713592099,40000000,25.00,54.00,"2020/03/31","2020/05/30","Y","查詢",24663000,"",61.66,1028323591,41.69,3.06,"為維護整體股東權益，兼顧市場機制並考量資金有效運用，故本次未執行完畢"
"435","6641","基士德-KY","2020/03/30","1",735639000,1000000,41.00,90.00,"2020/03/31","2020/05/30","Y","查詢",500000,"",50.00,32858381,65.72,1.47,"基於維護股東權益並兼顧市場機制，公司視股價變化及成交量狀況予以適度買回，故未全數執行完畢。"
"436","3591","艾笛森","2020/03/31","3",1509288618,3000000,7.50,15.00,"2020/04/01","2020/05/30","Y","查詢",1618000,"",53.93,19832375,12.26,1.29,"基於維護股東權益並兼顧市場機制，公司視股價變化及成交量狀況採取分批買回策略，故本次買回庫藏股未能執行完畢"
"437","1219","福壽","2020/04/07","1",476765356,10000000,13.00,26.00,"2020/04/08","2020/06/06","Y","查詢",364000,"",3.64,6734625,18.50,0.11,"因執行期間股價穩定，並考量股東權益及資金有效運用，故未全數執行完畢。"
"438","2375","凱美","2020/04/08","1",4925370081,4000000,24.78,49.34,"2020/04/09","2020/06/08","Y","查詢",0,"",0.00,0,0.00,0.00,"因執行買回股份期間，股價已漸趨穩定，為兼顧市場機制，並避免股價過渡波動，故未執行完畢。"
"439","6288","聯嘉","2020/04/09","1",483378894,7000000,15.00,25.00,"2020/04/10","2020/06/09","Y","查詢",7000000,"",100.00,150432560,21.49,4.09,""
"440","1605","華新","2020/04/10","3",41196845000,40000000,10.50,16.50,"2020/04/13","2020/06/12","Y","查詢",40000000,"",100.00,518191997,12.95,1.20,""
"441","4532","瑞智","2020/04/13","1",2634680565,5000000,11.35,25.50,"2020/04/14","2020/06/13","Y","查詢",20000,"",0.40,306436,15.32,0.00,"為兼顧協調市場機制、有效資金運用、故未全數買回"
"442","3164","景岳","2020/04/17","3",424470573,5000000,14.95,31.35,"2020/04/20","2020/06/19","N","查詢","","","","","","",""
"443","4540","全球傳動","2020/04/17","3",2133463034,5000000,36.00,66.00,"2020/04/20","2020/06/16","Y","查詢",2500000,"",50.00,139941821,55.98,2.59,"為維護股東權益並兼顧市場機制，本公司視股價變化及成交量狀況採取分批買回策略，故未全數執行完畢。"
"444","2496","卓越","2020/04/23","1",589839750,200000,42.00,89.10,"2020/04/23","2020/06/22","N","查詢","","","","","","",""
"445","6451","訊芯-KY","2020/04/27","1",4172858951,3000000,76.00,158.00,"2020/04/28","2020/06/27","N","查詢","","","","","","",""
"446","8103","瀚荃","2020/04/29","3",1619681806,4000000,15.93,32.94,"2020/04/30","2020/06/29","N","查詢","","","","","","",""
"447","4106","雃博","2020/04/30","1",975698285,1500000,18.50,25.00,"2020/05/01","2020/06/30","N","查詢","","","","","","",""
"448","5264","鎧勝-KY","2020/04/30","1",27140730009,20000000,33.00,68.00,"2020/05/01","2020/06/30","N","查詢","","","","","","",""
"449","8261","富鼎","2020/04/30","1",548043977,2000000,18.00,30.00,"2020/04/30","2020/06/29","N","查詢","","","","","","",""
"450","2030","彰源","2020/05/07","3",1086826731,3000000,9.00,13.00,"2020/05/07","2020/07/06","N","查詢","","","","","","",""
"451","2495","普安","2020/05/07","3",1297674640,3000000,9.00,13.00,"2020/05/08","2020/07/06","N","查詢","","","","","","",""
"452","1568","倉佑","2020/05/11","1",478534095,1000000,10.47,21.92,"2020/05/12","2020/07/11","N","查詢","","","","","","",""
"453","1532","勤美","2020/05/12","3",7663482099,12000000,20.00,33.00,"2020/05/13","2020/07/12","N","查詢","","","","","","",""
"454","4764","雙鍵","2020/05/12","3",1490253388,2000000,44.66,91.26,"2020/05/13","2020/07/10","N","查詢","","","","","","",""
"455","1709","和益","2020/05/13","1",1447211917,9540000,10.00,18.00,"2020/05/14","2020/07/13","N","查詢","","","","","","",""
"456","4306","炎洲","2020/05/13","1",2127103148,10000000,9.00,16.20,"2020/05/14","2020/07/13","N","查詢","","","","","","",""
"457","1905","華紙","2020/05/14","1",2365612306,30000000,5.80,10.00,"2020/05/15","2020/07/14","N","查詢","","","","","","",""
"458","2365","昆盈","2020/05/20","3",809642794,5000000,6.00,10.00,"2020/05/21","2020/07/17","N","查詢","","","","","","",""
"459","2206","三陽工業","2020/05/22","3",4645923028,10000000,15.00,29.00,"2020/05/25","2020/07/22","N","查詢","","","","","","",""